_time;AvgTemperature;MaxTemperatureofDay;MinTemperatureofDay;NeutralTemperature;OutputCurrent;OutputVoltage;PhaseTemperature;RoomTemperature;Source1Current;Source1Frequency;Source1Voltage;Source2Current;Source2Frequency;Source2Voltage;RoomTemperature_qc
2024-09-26T10:24:21.463Z;;;;;;;;21.2;;;;;;;0
2024-09-26T10:25:21.459Z;;;;;;;;21.2;;;;;;;0
2024-09-26T10:26:21.456Z;;;;;;;;21.1;;;;;;;0
2024-09-26T10:27:21.453Z;;;;;;;;21;;;;;;;0
2024-09-26T10:28:21.449Z;;;;;;;;21;;;;;;;0
2024-09-26T10:29:21.446Z;;;;;;;;21;;;;;;;0
2024-09-26T10:30:21.443Z;;;;;;;;20.800001;;;;;;;0
2024-09-26T10:31:21.440Z;;;;;;;;20.800001;;;;;;;0
2024-09-26T10:32:21.437Z;;;;;;;;20.6;;;;;;;0
2024-09-26T10:33:21.434Z;;;;;;;;20.6;;;;;;;0
2024-09-26T10:34:21.431Z;;;;;;;;20.6;;;;;;;0
2024-09-26T10:35:21.428Z;;;;;;;;20.4;;;;;;;0
2024-09-26T10:36:21.424Z;;;;;;;;20.5;;;;;;;0
2024-09-26T10:37:21.421Z;;;;;;;;20.6;;;;;;;0
2024-09-26T10:38:21.418Z;;;;;;;;20.6;;;;;;;0
2024-09-26T10:39:21.415Z;;;;;;;;20.800001;;;;;;;0
2024-09-26T10:40:21.411Z;;;;;;;;21;;;;;;;0
2024-09-26T10:41:21.408Z;;;;;;;;21;;;;;;;0
2024-09-26T10:42:21.405Z;;;;;;;;21.2;;;;;;;0
2024-09-26T10:43:21.402Z;;;;;;;;21.300001;;;;;;;0
2024-09-26T10:44:21.400Z;;;;;;;;21.2;;;;;;;0
2024-09-26T10:45:21.398Z;;;;;;;;21.300001;;;;;;;0
2024-09-26T10:46:21.394Z;;;;;;;;21.2;;;;;;;0
2024-09-26T10:47:21.391Z;;;;;;;;21.1;;;;;;;0
2024-09-26T10:48:21.388Z;;;;;;;;21;;;;;;;0
2024-09-26T10:49:21.385Z;;;;;;;;21;;;;;;;0
2024-09-26T10:50:21.382Z;;;;;;;;21;;;;;;;0
2024-09-26T10:51:21.379Z;;;;;;;;20.9;;;;;;;0
2024-09-26T10:52:21.376Z;;;;;;;;20.9;;;;;;;0
2024-09-26T10:53:21.374Z;;;;;;;;20.9;;;;;;;0
2024-09-26T10:54:21.372Z;;;;;;;;20.9;;;;;;;0
2024-09-26T10:55:21.369Z;;;;;;;;20.800001;;;;;;;0
2024-09-26T10:56:21.366Z;;;;;;;;20.800001;;;;;;;0
2024-09-26T10:57:21.363Z;;;;;;;;21.300001;;;;;;;0
2024-09-26T10:58:21.360Z;;;;;;;;21.5;;;;;;;0
2024-09-26T10:59:21.357Z;;;;;;;;21.6;;;;;;;0
2024-09-26T11:00:21.354Z;;;;;;;;21.7;;;;;;;0
2024-09-26T11:01:21.351Z;;;;;;;;21.9;;;;;;;0
2024-09-26T11:02:21.348Z;;;;;;;;22;;;;;;;0
2024-09-26T11:03:21.345Z;;;;;;;;22;;;;;;;0
2024-09-26T11:04:21.342Z;;;;;;;;21.800001;;;;;;;0
2024-09-26T11:05:21.339Z;;;;;;;;21.800001;;;;;;;0
2024-09-26T11:06:21.336Z;;;;;;;;21.6;;;;;;;0
2024-09-26T11:07:21.333Z;;;;;;;;21.5;;;;;;;0
2024-09-26T11:08:21.330Z;;;;;;;;21.4;;;;;;;0
2024-09-26T11:09:21.328Z;;;;;;;;21.300001;;;;;;;0
2024-09-26T11:10:21.326Z;;;;;;;;21.300001;;;;;;;0
2024-09-26T11:11:21.324Z;;;;;;;;21.4;;;;;;;0
2024-09-26T11:12:21.321Z;;;;;;;;21.300001;;;;;;;0
2024-09-26T11:13:21.318Z;;;;;;;;21.300001;;;;;;;0
2024-09-26T11:14:21.315Z;;;;;;;;21.2;;;;;;;0
2024-09-26T11:15:21.313Z;;;;;;;;21.300001;;;;;;;0
2024-09-26T11:16:21.311Z;;;;;;;;21.2;;;;;;;0
2024-09-26T11:17:21.309Z;;;;;;;;21.2;;;;;;;0
2024-09-26T11:18:21.306Z;;;;;;;;21.1;;;;;;;0
2024-09-26T11:19:28.744Z;;;;;;;;0;;;;;;;-2138701824
2024-09-26T11:20:21.304Z;;;;;;;;21;;;;;;;0
2024-09-26T11:21:21.302Z;;;;;;;;21.1;;;;;;;0
2024-09-26T11:22:21.299Z;;;;;;;;21.300001;;;;;;;0
2024-09-26T11:23:21.296Z;;;;;;;;21.4;;;;;;;0
2024-09-26T11:24:21.293Z;;;;;;;;21.6;;;;;;;0
2024-09-26T11:25:21.290Z;;;;;;;;21.800001;;;;;;;0
2024-09-26T11:26:21.287Z;;;;;;;;21.9;;;;;;;0
2024-09-26T11:27:21.284Z;;;;;;;;21.9;;;;;;;0
2024-09-26T11:28:21.280Z;;;;;;;;21.800001;;;;;;;0
2024-09-26T11:29:21.278Z;;;;;;;;21.800001;;;;;;;0
2024-09-26T11:30:21.275Z;;;;;;;;21.7;;;;;;;0
2024-09-26T11:31:21.273Z;;;;;;;;21.6;;;;;;;0
2024-09-26T11:32:21.270Z;;;;;;;;213.90001;;;;;;;0
2024-09-26T11:33:21.267Z;;;;;;;;212.8;;;;;;;0
2024-09-26T11:34:21.264Z;;;;;;;;212.2;;;;;;;0
2024-09-26T11:35:21.262Z;;;;;;;;211.2;;;;;;;0
2024-09-26T11:36:21.259Z;;;;;;;;211.2;;;;;;;0
2024-09-26T11:37:21.257Z;;;;;;;;211.1;;;;;;;0
2024-09-26T11:38:21.254Z;;;;;;;;210.1;;;;;;;0
2024-09-26T11:39:21.253Z;;;;;;;;210.7;;;;;;;0
2024-09-26T11:40:21.249Z;;;;;;;;210.8;;;;;;;0
2024-09-26T11:41:21.247Z;;;;;;;;2.12;;;;;;;0
2024-09-26T11:42:21.243Z;;;;;;;;2.1;;;;;;;0
2024-09-26T11:43:21.241Z;;;;;;;;2.1;;;;;;;0
2024-09-26T11:44:26.727Z;;;;;;;;0;;;;;;;-2147483648
2024-09-26T11:45:21.237Z;;;;;;;;210.40001;;;;;;;0
2024-09-26T11:46:21.234Z;;;;;;;;21.01;;;;;;;0
2024-09-26T11:47:21.232Z;;;;;;;;21.07;;;;;;;0
2024-09-26T11:48:21.230Z;;;;;;;;21.01;;;;;;;0
2024-09-26T11:49:21.227Z;;;;;;;;21.039999;;;;;;;0
2024-09-26T11:50:21.223Z;;;;;;;;21.17;;;;;;;0
2024-09-26T11:51:21.220Z;;;;;;;;21.279999;;;;;;;0
2024-09-26T11:52:21.218Z;;;;;;;;21.289999;;;;;;;0
2024-09-26T11:53:21.215Z;;;;;;;;21.34;;;;;;;0
2024-09-26T11:54:21.211Z;;;;;;;;21.57;;;;;;;0
2024-09-26T11:55:21.209Z;;;;;;;;21.689999;;;;;;;0
2024-09-26T11:56:21.205Z;;;;;;;;21.34;;;;;;;0
2024-09-26T11:57:21.208Z;;;;;;;;21.34;;;;;;;0
2024-09-26T11:58:21.206Z;;;;;;;;21.14;;;;;;;0
2024-09-26T11:59:21.204Z;;;;;;;;21.039999;;;;;;;0
2024-09-26T12:00:21.202Z;;;;;;;;20.9;;;;;;;0
2024-09-26T12:01:21.201Z;;;;;;;;20.9;;;;;;;0
2024-09-26T12:02:21.201Z;;;;;;;;21;;;;;;;0
2024-09-26T12:03:21.198Z;;;;;;;;20.97;;;;;;;0
2024-09-26T12:04:21.198Z;;;;;;;;21.39;;;;;;;0
2024-09-26T12:05:21.196Z;;;;;;;;21.38;;;;;;;0
2024-09-26T12:06:21.195Z;;;;;;;;21.42;;;;;;;0
2024-09-26T12:07:21.193Z;;;;;;;;21.48;;;;;;;0
2024-09-26T12:08:21.191Z;;;;;;;;21.439999;;;;;;;0
2024-09-26T12:09:21.191Z;;;;;;;;21.539999;;;;;;;0
2024-09-26T12:10:21.189Z;;;;;;;;21.49;;;;;;;0
2024-09-26T12:11:21.188Z;;;;;;;;21.439999;;;;;;;0
2024-09-26T12:12:21.186Z;;;;;;;;21.39;;;;;;;0
2024-09-26T12:13:21.184Z;;;;;;;;21.35;;;;;;;0
2024-09-26T12:14:21.182Z;;;;;;;;21.22;;;;;;;0
2024-09-26T12:15:21.181Z;;;;;;;;21.14;;;;;;;0
2024-09-26T12:16:21.179Z;;;;;;;;21.18;;;;;;;0
2024-09-26T12:17:21.176Z;;;;;;;;21.08;;;;;;;0
2024-09-26T12:18:21.174Z;;;;;;;;20.98;;;;;;;0
2024-09-26T12:19:21.173Z;;;;;;;;20.91;;;;;;;0
2024-09-26T12:20:21.171Z;;;;;;;;20.98;;;;;;;0
2024-09-26T12:21:21.170Z;;;;;;;;21.02;;;;;;;0
2024-09-26T12:22:21.168Z;;;;;;;;21.17;;;;;;;0
2024-09-26T12:23:21.167Z;;;;;;;;21.289999;;;;;;;0
2024-09-26T12:24:21.166Z;;;;;;;;21.49;;;;;;;0
2024-09-26T12:25:21.165Z;;;;;;;;21.65;;;;;;;0
2024-09-26T12:26:21.164Z;;;;;;;;21.779999;;;;;;;0
2024-09-26T12:27:21.163Z;;;;;;;;21.64;;;;;;;0
2024-09-26T12:28:21.161Z;;;;;;;;21.47;;;;;;;0
2024-09-26T12:29:21.160Z;;;;;;;;21.38;;;;;;;0
2024-09-26T12:30:21.159Z;;;;;;;;21.34;;;;;;;0
2024-09-26T12:31:21.158Z;;;;;;;;21.39;;;;;;;0
2024-09-26T12:32:21.156Z;;;;;;;;21.38;;;;;;;0
2024-09-26T12:33:21.154Z;;;;;;;;21.35;;;;;;;0
2024-09-26T12:34:21.152Z;;;;;;;;21.42;;;;;;;0
2024-09-26T12:35:21.150Z;;;;;;;;21.39;;;;;;;0
2024-09-26T12:36:21.148Z;;;;;;;;21.38;;;;;;;0
2024-09-26T12:37:21.146Z;;;;;;;;21.279999;;;;;;;0
2024-09-26T12:38:21.145Z;;;;;;;;21.14;;;;;;;0
2024-09-26T12:39:21.143Z;;;;;;;;21.039999;;;;;;;0
2024-09-26T12:40:21.141Z;;;;;;;;20.88;;;;;;;0
2024-09-26T12:41:21.139Z;;;;;;;;20.82;;;;;;;0
2024-09-26T12:42:21.138Z;;;;;;;;20.869999;;;;;;;0
2024-09-26T12:43:21.135Z;;;;;;;;21.01;;;;;;;0
2024-09-26T12:44:21.134Z;;;;;;;;21.17;;;;;;;0
2024-09-26T12:45:21.133Z;;;;;;;;21.289999;;;;;;;0
2024-09-26T12:46:21.131Z;;;;;;;;21.42;;;;;;;0
2024-09-26T12:47:21.128Z;;;;;;;;21.38;;;;;;;0
2024-09-26T12:48:21.127Z;;;;;;;;20.97;;;;;;;0
2024-09-26T12:49:21.126Z;;;;;;;;20.72;;;;;;;0
2024-09-26T12:50:21.125Z;;;;;;;;20.35;;;;;;;0
2024-09-26T12:51:21.122Z;;;;;;;;19.98;;;;;;;0
2024-09-26T12:52:21.121Z;;;;;;;;19.67;;;;;;;0
2024-09-26T12:53:21.120Z;;;;;;;;19.57;;;;;;;0
2024-09-26T12:54:21.119Z;;;;;;;;19.35;;;;;;;0
2024-09-26T12:55:21.118Z;;;;;;;;19.34;;;;;;;0
2024-09-26T12:56:21.117Z;;;;;;;;19.199999;;;;;;;0
2024-09-26T12:57:21.115Z;;;;;;;;19.119999;;;;;;;0
2024-09-26T12:58:21.114Z;;;;;;;;19.22;;;;;;;0
2024-09-26T12:59:21.113Z;;;;;;;;19.3;;;;;;;0
2024-09-26T13:00:21.111Z;;;;;;;;19.22;;;;;;;0
2024-09-26T13:01:21.109Z;;;;;;;;19.199999;;;;;;;0
2024-09-26T13:02:21.108Z;;;;;;;;19.199999;;;;;;;0
2024-09-26T13:03:21.106Z;;;;;;;;19.08;;;;;;;0
2024-09-26T13:04:21.105Z;;;;;;;;18.91;;;;;;;0
2024-09-26T13:05:21.104Z;;;;;;;;18.67;;;;;;;0
2024-09-26T13:06:21.103Z;;;;;;;;18.47;;;;;;;0
2024-09-26T13:07:21.103Z;;;;;;;;18.4;;;;;;;0
2024-09-26T13:08:21.101Z;;;;;;;;18.279999;;;;;;;0
2024-09-26T13:09:21.099Z;;;;;;;;18.34;;;;;;;0
2024-09-26T13:10:21.098Z;;;;;;;;18.52;;;;;;;0
2024-09-26T13:11:21.096Z;;;;;;;;18.68;;;;;;;0
2024-09-26T13:12:21.094Z;;;;;;;;19;;;;;;;0
2024-09-26T13:13:21.093Z;;;;;;;;19.25;;;;;;;0
2024-09-26T13:14:21.090Z;;;;;;;;19.38;;;;;;;0
2024-09-26T13:15:21.088Z;;;;;;;;19.41;;;;;;;0
2024-09-26T13:16:21.087Z;;;;;;;;19.55;;;;;;;0
2024-09-26T13:17:21.086Z;;;;;;;;19.47;;;;;;;0
2024-09-26T13:18:21.084Z;;;;;;;;19.38;;;;;;;0
2024-09-26T13:19:21.082Z;;;;;;;;19.34;;;;;;;0
2024-09-26T13:20:21.081Z;;;;;;;;19.199999;;;;;;;0
2024-09-26T13:21:21.080Z;;;;;;;;19.07;;;;;;;0
2024-09-26T13:22:21.079Z;;;;;;;;19.119999;;;;;;;0
2024-09-26T13:23:21.078Z;;;;;;;;19.119999;;;;;;;0
2024-09-26T13:24:21.078Z;;;;;;;;19.07;;;;;;;0
2024-09-26T13:25:21.076Z;;;;;;;;19.14;;;;;;;0
2024-09-26T13:26:21.073Z;;;;;;;;19.1;;;;;;;0
2024-09-26T13:27:21.072Z;;;;;;;;19;;;;;;;0
2024-09-26T13:28:21.071Z;;;;;;;;19.439999;;;;;;;0
2024-09-26T13:29:21.069Z;;;;;;;;20.24;;;;;;;0
2024-09-26T13:30:21.068Z;;;;;;;;20.51;;;;;;;0
2024-09-26T13:31:21.066Z;;;;;;;;20.65;;;;;;;0
2024-09-26T13:32:21.065Z;;;;;;;;20.869999;;;;;;;0
2024-09-26T13:33:21.063Z;;;;;;;;20.98;;;;;;;0
2024-09-26T13:34:21.062Z;;;;;;;;20.88;;;;;;;0
2024-09-26T13:35:21.060Z;;;;;;;;20.57;;;;;;;0
2024-09-26T13:36:21.058Z;;;;;;;;20.449999;;;;;;;0
2024-09-26T13:37:21.056Z;;;;;;;;20.24;;;;;;;0
2024-09-26T13:38:21.055Z;;;;;;;;19.82;;;;;;;0
2024-09-26T13:39:21.053Z;;;;;;;;19.59;;;;;;;0
2024-09-26T13:40:21.051Z;;;;;;;;19.51;;;;;;;0
2024-09-26T13:41:21.049Z;;;;;;;;19.439999;;;;;;;0
2024-09-26T13:42:21.048Z;;;;;;;;19.35;;;;;;;0
2024-09-26T13:43:21.045Z;;;;;;;;19.14;;;;;;;0
2024-09-26T13:44:21.042Z;;;;;;;;19;;;;;;;0
2024-09-26T13:45:21.039Z;;;;;;;;18.939999;;;;;;;0
2024-09-26T13:46:21.036Z;;;;;;;;18.91;;;;;;;0
2024-09-26T13:47:21.033Z;;;;;;;;18.81;;;;;;;0
2024-09-26T13:48:21.031Z;;;;;;;;18.619999;;;;;;;0
2024-09-26T13:49:21.027Z;;;;;;;;18.25;;;;;;;0
2024-09-26T13:50:21.026Z;;;;;;;;18.1;;;;;;;0
2024-09-26T13:51:21.025Z;;;;;;;;18;;;;;;;0
2024-09-26T13:52:21.024Z;;;;;;;;18.21;;;;;;;0
2024-09-26T13:53:21.023Z;;;;;;;;18.55;;;;;;;0
2024-09-26T13:54:21.022Z;;;;;;;;18.82;;;;;;;0
2024-09-26T13:55:21.020Z;;;;;;;;19.08;;;;;;;0
2024-09-26T13:56:21.019Z;;;;;;;;19.3;;;;;;;0
2024-09-26T13:57:21.016Z;;;;;;;;19.51;;;;;;;0
2024-09-26T13:58:21.015Z;;;;;;;;19.59;;;;;;;0
2024-09-26T13:59:21.013Z;;;;;;;;19.609999;;;;;;;0
2024-09-26T14:00:21.010Z;;;;;;;;19.539999;;;;;;;0
2024-09-26T14:01:21.009Z;;;;;;;;19.449999;;;;;;;0
2024-09-26T14:02:21.007Z;;;;;;;;19.38;;;;;;;0
2024-09-26T14:03:21.005Z;;;;;;;;19.279999;;;;;;;0
2024-09-26T14:04:21.003Z;;;;;;;;19.119999;;;;;;;0
2024-09-26T14:05:21.002Z;;;;;;;;19.1;;;;;;;0
2024-09-26T14:06:21Z;;;;;;;;19.039999;;;;;;;0
2024-09-26T14:07:20.998Z;;;;;;;;18.97;;;;;;;0
2024-09-26T14:08:20.996Z;;;;;;;;18.88;;;;;;;0
2024-09-26T14:09:20.994Z;;;;;;;;18.91;;;;;;;0
2024-09-26T14:10:20.993Z;;;;;;;;19.02;;;;;;;0
2024-09-26T14:11:20.992Z;;;;;;;;19;;;;;;;0
2024-09-26T14:12:20.989Z;;;;;;;;18.779999;;;;;;;0
2024-09-26T14:13:20.987Z;;;;;;;;18.609999;;;;;;;0
2024-09-26T14:14:20.985Z;;;;;;;;18.51;;;;;;;0
2024-09-26T14:15:20.984Z;;;;;;;;18.68;;;;;;;0
2024-09-26T14:16:20.983Z;;;;;;;;18.91;;;;;;;0
2024-09-26T14:17:20.982Z;;;;;;;;19;;;;;;;0
2024-09-26T14:18:20.981Z;;;;;;;;19.24;;;;;;;0
2024-09-26T14:19:20.979Z;;;;;;;;19.38;;;;;;;0
2024-09-26T14:20:20.977Z;;;;;;;;19.51;;;;;;;0
2024-09-26T14:21:20.975Z;;;;;;;;19.65;;;;;;;0
2024-09-26T14:22:20.974Z;;;;;;;;19.609999;;;;;;;0
2024-09-26T14:23:20.973Z;;;;;;;;19.41;;;;;;;0
2024-09-26T14:24:20.971Z;;;;;;;;19.18;;;;;;;0
2024-09-26T14:25:20.969Z;;;;;;;;18.939999;;;;;;;0
2024-09-26T14:26:20.968Z;;;;;;;;18.91;;;;;;;0
2024-09-26T14:27:20.966Z;;;;;;;;18.75;;;;;;;0
2024-09-26T14:28:20.964Z;;;;;;;;18.779999;;;;;;;0
2024-09-26T14:29:20.962Z;;;;;;;;18.91;;;;;;;0
2024-09-26T14:30:20.960Z;;;;;;;;18.92;;;;;;;0
2024-09-26T14:31:20.958Z;;;;;;;;18.939999;;;;;;;0
2024-09-26T14:32:20.958Z;;;;;;;;19.039999;;;;;;;0
2024-09-26T14:33:20.957Z;;;;;;;;19.02;;;;;;;0
2024-09-26T14:34:20.956Z;;;;;;;;18.869999;;;;;;;0
2024-09-26T14:35:20.955Z;;;;;;;;18.869999;;;;;;;0
2024-09-26T14:36:20.954Z;;;;;;;;18.55;;;;;;;0
2024-09-26T14:37:20.952Z;;;;;;;;18.31;;;;;;;0
2024-09-26T14:38:20.950Z;;;;;;;;18.18;;;;;;;0
2024-09-26T14:39:20.949Z;;;;;;;;18.199999;;;;;;;0
2024-09-26T14:40:20.948Z;;;;;;;;18.24;;;;;;;0
2024-09-26T14:41:20.947Z;;;;;;;;18.449999;;;;;;;0
2024-09-26T14:42:20.946Z;;;;;;;;18.619999;;;;;;;0
2024-09-26T14:43:20.944Z;;;;;;;;18.72;;;;;;;0
2024-09-26T14:44:20.942Z;;;;;;;;18.869999;;;;;;;0
2024-09-26T14:45:20.940Z;;;;;;;;19;;;;;;;0
2024-09-26T14:46:20.938Z;;;;;;;;19.08;;;;;;;0
2024-09-26T14:47:20.937Z;;;;;;;;19.279999;;;;;;;0
2024-09-26T14:48:20.935Z;;;;;;;;19.25;;;;;;;0
2024-09-26T14:49:20.933Z;;;;;;;;19.22;;;;;;;0
2024-09-26T14:50:20.932Z;;;;;;;;19.25;;;;;;;0
2024-09-26T14:51:20.930Z;;;;;;;;19.22;;;;;;;0
2024-09-26T14:52:20.928Z;;;;;;;;19.07;;;;;;;0
2024-09-26T14:53:20.927Z;;;;;;;;19;;;;;;;0
2024-09-26T14:54:20.926Z;;;;;;;;18.869999;;;;;;;0
2024-09-26T14:55:20.925Z;;;;;;;;18.82;;;;;;;0
2024-09-26T14:56:20.923Z;;;;;;;;18.67;;;;;;;0
2024-09-26T14:57:20.922Z;;;;;;;;18.52;;;;;;;0
2024-09-26T14:58:20.920Z;;;;;;;;18.47;;;;;;;0
2024-09-26T14:59:20.917Z;;;;;;;;18.24;;;;;;;0
2024-09-26T15:00:20.914Z;;;;;;;;18.02;;;;;;;0
2024-09-26T15:01:20.912Z;;;;;;;;18;;;;;;;0
2024-09-26T15:02:20.910Z;;;;;;;;18.21;;;;;;;0
2024-09-26T15:03:20.908Z;;;;;;;;18.5;;;;;;;0
2024-09-26T15:04:20.906Z;;;;;;;;18.72;;;;;;;0
2024-09-26T15:05:20.904Z;;;;;;;;18.939999;;;;;;;0
2024-09-26T15:06:20.903Z;;;;;;;;19.119999;;;;;;;0
2024-09-26T15:07:20.901Z;;;;;;;;19.34;;;;;;;0
2024-09-26T15:08:20.899Z;;;;;;;;19.47;;;;;;;0
2024-09-26T15:09:20.897Z;;;;;;;;19.34;;;;;;;0
2024-09-26T15:10:20.896Z;;;;;;;;19.22;;;;;;;0
2024-09-26T15:11:20.894Z;;;;;;;;18.98;;;;;;;0
2024-09-26T15:12:20.892Z;;;;;;;;18.869999;;;;;;;0
2024-09-26T15:13:20.890Z;;;;;;;;18.779999;;;;;;;0
2024-09-26T15:14:20.889Z;;;;;;;;18.77;;;;;;;0
2024-09-26T15:15:20.888Z;;;;;;;;18.75;;;;;;;0
2024-09-26T15:16:20.886Z;;;;;;;;18.869999;;;;;;;0
2024-09-26T15:17:20.885Z;;;;;;;;18.91;;;;;;;0
2024-09-26T15:18:20.884Z;;;;;;;;18.84;;;;;;;0
2024-09-26T15:19:20.882Z;;;;;;;;18.71;;;;;;;0
2024-09-26T15:20:20.881Z;;;;;;;;18.55;;;;;;;0
2024-09-26T15:21:20.880Z;;;;;;;;18.47;;;;;;;0
2024-09-26T15:22:20.878Z;;;;;;;;18.31;;;;;;;0
2024-09-26T15:23:20.876Z;;;;;;;;18.279999;;;;;;;0
2024-09-26T15:24:20.874Z;;;;;;;;18.369999;;;;;;;0
2024-09-26T15:25:20.872Z;;;;;;;;18.44;;;;;;;0
2024-09-26T15:26:20.870Z;;;;;;;;18.4;;;;;;;0
2024-09-26T15:27:20.868Z;;;;;;;;18.44;;;;;;;0
2024-09-26T15:28:20.867Z;;;;;;;;18.47;;;;;;;0
2024-09-26T15:29:20.865Z;;;;;;;;18.41;;;;;;;0
2024-09-26T15:30:20.864Z;;;;;;;;18.41;;;;;;;0
2024-09-26T15:31:20.863Z;;;;;;;;18.31;;;;;;;0
2024-09-26T15:32:20.861Z;;;;;;;;18.18;;;;;;;0
2024-09-26T15:33:20.860Z;;;;;;;;18.25;;;;;;;0
2024-09-26T15:34:20.858Z;;;;;;;;18.15;;;;;;;0
2024-09-26T15:35:20.857Z;;;;;;;;18;;;;;;;0
2024-09-26T15:36:20.855Z;;;;;;;;18.02;;;;;;;0
2024-09-26T15:37:20.853Z;;;;;;;;18;;;;;;;0
2024-09-26T15:38:20.852Z;;;;;;;;18.24;;;;;;;0
2024-09-26T15:39:20.850Z;;;;;;;;18.65;;;;;;;0
2024-09-26T15:40:20.849Z;;;;;;;;19.38;;;;;;;0
2024-09-26T15:41:20.848Z;;;;;;;;19.75;;;;;;;0
2024-09-26T15:42:20.846Z;;;;;;;;19.939999;;;;;;;0
2024-09-26T15:43:20.844Z;;;;;;;;20.18;;;;;;;0
2024-09-26T15:44:20.843Z;;;;;;;;20.38;;;;;;;0
2024-09-26T15:45:20.842Z;;;;;;;;20.55;;;;;;;0
2024-09-26T15:46:20.842Z;;;;;;;;20.38;;;;;;;0
2024-09-26T15:47:20.841Z;;;;;;;;20.17;;;;;;;0
2024-09-26T15:48:20.839Z;;;;;;;;20.039999;;;;;;;0
2024-09-26T15:49:20.837Z;;;;;;;;19.91;;;;;;;0
2024-09-26T15:50:20.837Z;;;;;;;;19.67;;;;;;;0
2024-09-26T15:51:20.835Z;;;;;;;;19.51;;;;;;;0
2024-09-26T15:52:20.833Z;;;;;;;;19.35;;;;;;;0
2024-09-26T15:53:20.832Z;;;;;;;;19.25;;;;;;;0
2024-09-26T15:54:20.830Z;;;;;;;;19.279999;;;;;;;0
2024-09-26T15:55:20.828Z;;;;;;;;19.02;;;;;;;0
2024-09-26T15:56:20.826Z;;;;;;;;18.869999;;;;;;;0
2024-09-26T15:57:20.823Z;;;;;;;;18.609999;;;;;;;0
2024-09-26T15:58:20.820Z;;;;;;;;18.35;;;;;;;0
2024-09-26T15:59:20.817Z;;;;;;;;18.199999;;;;;;;0
2024-09-26T16:00:20.816Z;;;;;;;;18.199999;;;;;;;0
2024-09-26T16:01:20.814Z;;;;;;;;18.18;;;;;;;0
2024-09-26T16:02:20.812Z;;;;;;;;18.24;;;;;;;0
2024-09-26T16:03:20.810Z;;;;;;;;18.24;;;;;;;0
2024-09-26T16:04:20.809Z;;;;;;;;18.1;;;;;;;0
2024-09-26T16:05:20.808Z;;;;;;;;18.02;;;;;;;0
2024-09-26T16:06:20.807Z;;;;;;;;17.82;;;;;;;0
2024-09-26T16:07:20.806Z;;;;;;;;17.58;;;;;;;0
2024-09-26T16:08:20.804Z;;;;;;;;17.5;;;;;;;0
2024-09-26T16:09:20.803Z;;;;;;;;17.41;;;;;;;0
2024-09-26T16:10:20.803Z;;;;;;;;17.58;;;;;;;0
2024-09-26T16:11:20.801Z;;;;;;;;17.779999;;;;;;;0
2024-09-26T16:12:20.799Z;;;;;;;;18.1;;;;;;;0
2024-09-26T16:13:20.798Z;;;;;;;;18.35;;;;;;;0
2024-09-26T16:14:20.798Z;;;;;;;;18.57;;;;;;;0
2024-09-26T16:15:20.795Z;;;;;;;;18.81;;;;;;;0
2024-09-26T16:16:20.794Z;;;;;;;;19.08;;;;;;;0
2024-09-26T16:17:20.791Z;;;;;;;;19.4;;;;;;;0
2024-09-26T16:18:20.789Z;;;;;;;;19.38;;;;;;;0
2024-09-26T16:19:20.789Z;;;;;;;;19.15;;;;;;;0
2024-09-26T16:20:20.787Z;;;;;;;;18.939999;;;;;;;0
2024-09-26T16:21:20.786Z;;;;;;;;18.779999;;;;;;;0
2024-09-26T16:22:20.783Z;;;;;;;;18.619999;;;;;;;0
2024-09-26T16:23:20.782Z;;;;;;;;18.35;;;;;;;0
2024-09-26T16:24:20.779Z;;;;;;;;18.21;;;;;;;0
2024-09-26T16:25:20.777Z;;;;;;;;17.92;;;;;;;0
2024-09-26T16:26:20.775Z;;;;;;;;18;;;;;;;0
2024-09-26T16:27:20.774Z;;;;;;;;17.81;;;;;;;0
2024-09-26T16:28:20.772Z;;;;;;;;17.88;;;;;;;0
2024-09-26T16:29:20.770Z;;;;;;;;17.74;;;;;;;0
2024-09-26T16:30:20.769Z;;;;;;;;17.68;;;;;;;0
2024-09-26T16:31:20.768Z;;;;;;;;17.619999;;;;;;;0
2024-09-26T16:32:20.766Z;;;;;;;;17.77;;;;;;;0
2024-09-26T16:33:20.764Z;;;;;;;;17.869999;;;;;;;0
2024-09-26T16:34:20.764Z;;;;;;;;17.94;;;;;;;0
2024-09-26T16:35:20.761Z;;;;;;;;18.21;;;;;;;0
2024-09-26T16:36:20.760Z;;;;;;;;18.4;;;;;;;0
2024-09-26T16:37:20.759Z;;;;;;;;18.619999;;;;;;;0
2024-09-26T16:38:20.757Z;;;;;;;;18.91;;;;;;;0
2024-09-26T16:39:20.755Z;;;;;;;;18.97;;;;;;;0
2024-09-26T16:40:20.754Z;;;;;;;;18.869999;;;;;;;0
2024-09-26T16:41:20.753Z;;;;;;;;18.72;;;;;;;0
2024-09-26T16:42:20.751Z;;;;;;;;18.6;;;;;;;0
2024-09-26T16:43:20.750Z;;;;;;;;18.57;;;;;;;0
2024-09-26T16:44:20.748Z;;;;;;;;18.57;;;;;;;0
2024-09-26T16:45:20.746Z;;;;;;;;18.5;;;;;;;0
2024-09-26T16:46:20.743Z;;;;;;;;18.35;;;;;;;0
2024-09-26T16:47:20.742Z;;;;;;;;18.34;;;;;;;0
2024-09-26T16:48:20.741Z;;;;;;;;18.24;;;;;;;0
2024-09-26T16:49:20.740Z;;;;;;;;18.3;;;;;;;0
2024-09-26T16:50:20.739Z;;;;;;;;18.02;;;;;;;0
2024-09-26T16:51:20.737Z;;;;;;;;17.869999;;;;;;;0
2024-09-26T16:52:20.735Z;;;;;;;;17.74;;;;;;;0
2024-09-26T16:53:20.733Z;;;;;;;;17.5;;;;;;;0
2024-09-26T16:54:20.731Z;;;;;;;;17.4;;;;;;;0
2024-09-26T16:55:20.729Z;;;;;;;;17.57;;;;;;;0
2024-09-26T16:56:20.727Z;;;;;;;;17.84;;;;;;;0
2024-09-26T16:57:20.726Z;;;;;;;;18.05;;;;;;;0
2024-09-26T16:58:20.724Z;;;;;;;;18.31;;;;;;;0
2024-09-26T16:59:20.722Z;;;;;;;;18.51;;;;;;;0
2024-09-26T17:00:20.720Z;;;;;;;;18.619999;;;;;;;0
2024-09-26T17:01:20.718Z;;;;;;;;18.82;;;;;;;0
2024-09-26T17:02:20.716Z;;;;;;;;18.92;;;;;;;0
2024-09-26T17:03:20.714Z;;;;;;;;18.91;;;;;;;0
2024-09-26T17:04:20.712Z;;;;;;;;18.97;;;;;;;0
2024-09-26T17:05:20.711Z;;;;;;;;18.98;;;;;;;0
2024-09-26T17:06:20.711Z;;;;;;;;18.81;;;;;;;0
2024-09-26T17:07:20.709Z;;;;;;;;18.82;;;;;;;0
2024-09-26T17:08:20.708Z;;;;;;;;18.71;;;;;;;0
2024-09-26T17:09:20.706Z;;;;;;;;18.4;;;;;;;0
2024-09-26T17:10:20.704Z;;;;;;;;18.31;;;;;;;0
2024-09-26T17:11:20.704Z;;;;;;;;18.05;;;;;;;0
2024-09-26T17:12:20.702Z;;;;;;;;17.97;;;;;;;0
2024-09-26T17:13:20.700Z;;;;;;;;17.72;;;;;;;0
2024-09-26T17:14:20.698Z;;;;;;;;17.58;;;;;;;0
2024-09-26T17:15:20.698Z;;;;;;;;17.65;;;;;;;0
2024-09-26T17:16:20.696Z;;;;;;;;17.84;;;;;;;0
2024-09-26T17:17:20.694Z;;;;;;;;17.779999;;;;;;;0
2024-09-26T17:18:20.691Z;;;;;;;;17.97;;;;;;;0
2024-09-26T17:19:20.690Z;;;;;;;;18.25;;;;;;;0
2024-09-26T17:20:20.690Z;;;;;;;;18.55;;;;;;;0
2024-09-26T17:21:20.688Z;;;;;;;;18.84;;;;;;;0
2024-09-26T17:22:20.686Z;;;;;;;;19.1;;;;;;;0
2024-09-26T17:23:20.684Z;;;;;;;;19.08;;;;;;;0
2024-09-26T17:24:20.682Z;;;;;;;;18.869999;;;;;;;0
2024-09-26T17:25:20.682Z;;;;;;;;18.75;;;;;;;0
2024-09-26T17:26:20.681Z;;;;;;;;18.68;;;;;;;0
2024-09-26T17:27:20.679Z;;;;;;;;18.47;;;;;;;0
2024-09-26T17:28:20.678Z;;;;;;;;18.24;;;;;;;0
2024-09-26T17:29:20.677Z;;;;;;;;17.92;;;;;;;0
2024-09-26T17:30:20.675Z;;;;;;;;17.82;;;;;;;0
2024-09-26T17:31:20.674Z;;;;;;;;17.71;;;;;;;0
2024-09-26T17:32:20.672Z;;;;;;;;17.55;;;;;;;0
2024-09-26T17:33:20.670Z;;;;;;;;17.52;;;;;;;0
2024-09-26T17:34:20.668Z;;;;;;;;17.449999;;;;;;;0
2024-09-26T17:35:20.667Z;;;;;;;;17.55;;;;;;;0
2024-09-26T17:36:20.665Z;;;;;;;;17.72;;;;;;;0
2024-09-26T17:37:20.663Z;;;;;;;;17.94;;;;;;;0
2024-09-26T17:38:20.660Z;;;;;;;;18.199999;;;;;;;0
2024-09-26T17:39:20.660Z;;;;;;;;18.369999;;;;;;;0
2024-09-26T17:40:20.659Z;;;;;;;;18.67;;;;;;;0
2024-09-26T17:41:20.658Z;;;;;;;;18.92;;;;;;;0
2024-09-26T17:42:20.657Z;;;;;;;;19.1;;;;;;;0
2024-09-26T17:43:20.656Z;;;;;;;;19.18;;;;;;;0
2024-09-26T17:44:20.655Z;;;;;;;;18.98;;;;;;;0
2024-09-26T17:45:20.654Z;;;;;;;;18.869999;;;;;;;0
2024-09-26T17:46:20.652Z;;;;;;;;18.55;;;;;;;0
2024-09-26T17:47:20.652Z;;;;;;;;18.24;;;;;;;0
2024-09-26T17:48:20.650Z;;;;;;;;17.88;;;;;;;0
2024-09-26T17:49:20.648Z;;;;;;;;17.58;;;;;;;0
2024-09-26T17:50:20.646Z;;;;;;;;17.65;;;;;;;0
2024-09-26T17:51:20.644Z;;;;;;;;17.779999;;;;;;;0
2024-09-26T17:52:20.644Z;;;;;;;;17.68;;;;;;;0
2024-09-26T17:53:20.642Z;;;;;;;;17.84;;;;;;;0
2024-09-26T17:54:20.639Z;;;;;;;;18.14;;;;;;;0
2024-09-26T17:55:20.637Z;;;;;;;;18.449999;;;;;;;0
2024-09-26T17:56:20.635Z;;;;;;;;18.81;;;;;;;0
2024-09-26T17:57:20.631Z;;;;;;;;19.18;;;;;;;0
2024-09-26T17:58:20.627Z;;;;;;;;19.41;;;;;;;0
2024-09-26T17:59:20.624Z;;;;;;;;19.539999;;;;;;;0
2024-09-26T18:00:20.621Z;;;;;;;;19.5;;;;;;;0
2024-09-26T18:01:20.618Z;;;;;;;;19.25;;;;;;;0
2024-09-26T18:02:20.614Z;;;;;;;;18.98;;;;;;;0
2024-09-26T18:03:20.612Z;;;;;;;;18.779999;;;;;;;0
2024-09-26T18:04:20.608Z;;;;;;;;18.51;;;;;;;0
2024-09-26T18:05:20.605Z;;;;;;;;18.4;;;;;;;0
2024-09-26T18:06:20.602Z;;;;;;;;18.34;;;;;;;0
2024-09-26T18:07:20.599Z;;;;;;;;18.15;;;;;;;0
2024-09-26T18:08:20.596Z;;;;;;;;18.24;;;;;;;0
2024-09-26T18:09:20.594Z;;;;;;;;18.1;;;;;;;0
2024-09-26T18:10:20.592Z;;;;;;;;17.97;;;;;;;0
2024-09-26T18:11:20.589Z;;;;;;;;18;;;;;;;0
2024-09-26T18:12:20.587Z;;;;;;;;18.18;;;;;;;0
2024-09-26T18:13:20.585Z;;;;;;;;18.119999;;;;;;;0
2024-09-26T18:14:20.582Z;;;;;;;;18.15;;;;;;;0
2024-09-26T18:15:20.580Z;;;;;;;;18.15;;;;;;;0
2024-09-26T18:16:20.576Z;;;;;;;;17.97;;;;;;;0
2024-09-26T18:17:20.574Z;;;;;;;;18.039999;;;;;;;0
2024-09-26T18:18:20.571Z;;;;;;;;18.199999;;;;;;;0
2024-09-26T18:19:20.567Z;;;;;;;;18.369999;;;;;;;0
2024-09-26T18:20:20.565Z;;;;;;;;18.609999;;;;;;;0
2024-09-26T18:21:20.561Z;;;;;;;;18.77;;;;;;;0
2024-09-26T18:22:20.559Z;;;;;;;;18.91;;;;;;;0
2024-09-26T18:23:20.555Z;;;;;;;;19.119999;;;;;;;0
2024-09-26T18:24:20.552Z;;;;;;;;19.18;;;;;;;0
2024-09-26T18:25:20.550Z;;;;;;;;19.14;;;;;;;0
2024-09-26T18:26:20.546Z;;;;;;;;19.25;;;;;;;0
2024-09-26T18:27:20.544Z;;;;;;;;19.1;;;;;;;0
2024-09-26T18:28:20.541Z;;;;;;;;18.939999;;;;;;;0
2024-09-26T18:29:20.538Z;;;;;;;;18.92;;;;;;;0
2024-09-26T18:30:20.534Z;;;;;;;;18.72;;;;;;;0
2024-09-26T18:31:20.532Z;;;;;;;;18.609999;;;;;;;0
2024-09-26T18:32:20.528Z;;;;;;;;18.44;;;;;;;0
2024-09-26T18:33:20.526Z;;;;;;;;18.369999;;;;;;;0
2024-09-26T18:34:20.524Z;;;;;;;;18.15;;;;;;;0
2024-09-26T18:35:20.522Z;;;;;;;;18.1;;;;;;;0
2024-09-26T18:36:20.518Z;;;;;;;;18.08;;;;;;;0
2024-09-26T18:37:20.516Z;;;;;;;;18.05;;;;;;;0
2024-09-26T18:38:20.513Z;;;;;;;;18.05;;;;;;;0
2024-09-26T18:39:20.510Z;;;;;;;;18.14;;;;;;;0
2024-09-26T18:40:20.507Z;;;;;;;;18.1;;;;;;;0
2024-09-26T18:41:20.504Z;;;;;;;;18.199999;;;;;;;0
2024-09-26T18:42:20.501Z;;;;;;;;18.1;;;;;;;0
2024-09-26T18:43:20.498Z;;;;;;;;18.05;;;;;;;0
2024-09-26T18:44:20.495Z;;;;;;;;18;;;;;;;0
2024-09-26T18:45:20.492Z;;;;;;;;17.97;;;;;;;0
2024-09-26T18:46:20.490Z;;;;;;;;18.02;;;;;;;0
2024-09-26T18:47:20.487Z;;;;;;;;18.279999;;;;;;;0
2024-09-26T18:48:20.484Z;;;;;;;;18.44;;;;;;;0
2024-09-26T18:49:20.481Z;;;;;;;;18.82;;;;;;;0
2024-09-26T18:50:20.477Z;;;;;;;;19.07;;;;;;;0
2024-09-26T18:51:20.474Z;;;;;;;;19.08;;;;;;;0
2024-09-26T18:52:20.471Z;;;;;;;;19.199999;;;;;;;0
2024-09-26T18:53:20.469Z;;;;;;;;19.24;;;;;;;0
2024-09-26T18:54:20.467Z;;;;;;;;19.039999;;;;;;;0
2024-09-26T18:55:20.465Z;;;;;;;;18.88;;;;;;;0
2024-09-26T18:56:20.462Z;;;;;;;;18.869999;;;;;;;0
2024-09-26T18:57:20.460Z;;;;;;;;18.81;;;;;;;0
2024-09-26T18:58:20.458Z;;;;;;;;18.619999;;;;;;;0
2024-09-26T18:59:20.457Z;;;;;;;;18.5;;;;;;;0
2024-09-26T19:00:20.454Z;;;;;;;;18.52;;;;;;;0
2024-09-26T19:01:20.451Z;;;;;;;;18.6;;;;;;;0
2024-09-26T19:02:20.448Z;;;;;;;;18.6;;;;;;;0
2024-09-26T19:03:20.445Z;;;;;;;;18.619999;;;;;;;0
2024-09-26T19:04:20.443Z;;;;;;;;18.65;;;;;;;0
2024-09-26T19:05:20.440Z;;;;;;;;18.55;;;;;;;0
2024-09-26T19:06:20.437Z;;;;;;;;18.369999;;;;;;;0
2024-09-26T19:07:20.434Z;;;;;;;;18.24;;;;;;;0
2024-09-26T19:08:20.433Z;;;;;;;;18.05;;;;;;;0
2024-09-26T19:09:20.429Z;;;;;;;;17.84;;;;;;;0
2024-09-26T19:10:20.428Z;;;;;;;;17.77;;;;;;;0
2024-09-26T19:11:20.426Z;;;;;;;;17.609999;;;;;;;0
2024-09-26T19:12:20.424Z;;;;;;;;17.609999;;;;;;;0
2024-09-26T19:13:20.421Z;;;;;;;;17.68;;;;;;;0
2024-09-26T19:14:20.417Z;;;;;;;;17.88;;;;;;;0
2024-09-26T19:15:20.414Z;;;;;;;;18.1;;;;;;;0
2024-09-26T19:16:20.411Z;;;;;;;;18.44;;;;;;;0
2024-09-26T19:17:20.408Z;;;;;;;;18.68;;;;;;;0
2024-09-26T19:18:20.407Z;;;;;;;;19.039999;;;;;;;0
2024-09-26T19:19:20.403Z;;;;;;;;19.24;;;;;;;0
2024-09-26T19:20:20.400Z;;;;;;;;19.24;;;;;;;0
2024-09-26T19:21:20.398Z;;;;;;;;19.24;;;;;;;0
2024-09-26T19:22:20.394Z;;;;;;;;19.199999;;;;;;;0
2024-09-26T19:23:20.391Z;;;;;;;;19.039999;;;;;;;0
2024-09-26T19:24:20.388Z;;;;;;;;18.939999;;;;;;;0
2024-09-26T19:25:20.385Z;;;;;;;;18.939999;;;;;;;0
2024-09-26T19:26:20.384Z;;;;;;;;18.81;;;;;;;0
2024-09-26T19:27:20.380Z;;;;;;;;18.6;;;;;;;0
2024-09-26T19:28:20.377Z;;;;;;;;18.34;;;;;;;0
2024-09-26T19:29:20.374Z;;;;;;;;17.97;;;;;;;0
2024-09-26T19:30:20.371Z;;;;;;;;17.779999;;;;;;;0
2024-09-26T19:31:20.370Z;;;;;;;;17.449999;;;;;;;0
2024-09-26T19:32:20.366Z;;;;;;;;17.35;;;;;;;0
2024-09-26T19:33:20.363Z;;;;;;;;17.4;;;;;;;0
2024-09-26T19:34:20.360Z;;;;;;;;17.779999;;;;;;;0
2024-09-26T19:35:20.357Z;;;;;;;;18.039999;;;;;;;0
2024-09-26T19:36:20.354Z;;;;;;;;18.35;;;;;;;0
2024-09-26T19:37:20.352Z;;;;;;;;18.68;;;;;;;0
2024-09-26T19:38:20.348Z;;;;;;;;18.939999;;;;;;;0
2024-09-26T19:39:20.347Z;;;;;;;;19.18;;;;;;;0
2024-09-26T19:40:20.343Z;;;;;;;;19.14;;;;;;;0
2024-09-26T19:41:20.340Z;;;;;;;;18.97;;;;;;;0
2024-09-26T19:42:20.337Z;;;;;;;;18.84;;;;;;;0
2024-09-26T19:43:20.333Z;;;;;;;;18.72;;;;;;;0
2024-09-26T19:44:20.330Z;;;;;;;;18.5;;;;;;;0
2024-09-26T19:45:20.328Z;;;;;;;;18.3;;;;;;;0
2024-09-26T19:46:20.324Z;;;;;;;;18.279999;;;;;;;0
2024-09-26T19:47:20.322Z;;;;;;;;18.3;;;;;;;0
2024-09-26T19:48:20.319Z;;;;;;;;18.3;;;;;;;0
2024-09-26T19:49:20.316Z;;;;;;;;18.3;;;;;;;0
2024-09-26T19:50:20.316Z;;;;;;;;18.05;;;;;;;0
2024-09-26T19:51:20.312Z;;;;;;;;18.14;;;;;;;0
2024-09-26T19:52:20.310Z;;;;;;;;18.25;;;;;;;0
2024-09-26T19:53:20.306Z;;;;;;;;18.05;;;;;;;0
2024-09-26T19:54:20.303Z;;;;;;;;17.97;;;;;;;0
2024-09-26T19:55:20.300Z;;;;;;;;18.02;;;;;;;0
2024-09-26T19:56:20.297Z;;;;;;;;17.81;;;;;;;0
2024-09-26T19:57:20.294Z;;;;;;;;17.94;;;;;;;0
2024-09-26T19:58:20.292Z;;;;;;;;18.199999;;;;;;;0
2024-09-26T19:59:20.290Z;;;;;;;;18.51;;;;;;;0
2024-09-26T20:00:20.287Z;;;;;;;;18.75;;;;;;;0
2024-09-26T20:01:20.283Z;;;;;;;;18.98;;;;;;;0
2024-09-26T20:02:20.280Z;;;;;;;;19.24;;;;;;;0
2024-09-26T20:03:20.278Z;;;;;;;;19.35;;;;;;;0
2024-09-26T20:04:20.276Z;;;;;;;;19.31;;;;;;;0
2024-09-26T20:05:20.273Z;;;;;;;;19.02;;;;;;;0
2024-09-26T20:06:20.270Z;;;;;;;;18.779999;;;;;;;0
2024-09-26T20:07:20.266Z;;;;;;;;18.68;;;;;;;0
2024-09-26T20:08:20.264Z;;;;;;;;18.449999;;;;;;;0
2024-09-26T20:09:20.260Z;;;;;;;;18.35;;;;;;;0
2024-09-26T20:10:20.258Z;;;;;;;;18.31;;;;;;;0
2024-09-26T20:11:20.254Z;;;;;;;;18.34;;;;;;;0
2024-09-26T20:12:20.252Z;;;;;;;;18.449999;;;;;;;0
2024-09-26T20:13:20.249Z;;;;;;;;18.35;;;;;;;0
2024-09-26T20:14:20.245Z;;;;;;;;18.3;;;;;;;0
2024-09-26T20:15:20.243Z;;;;;;;;18.369999;;;;;;;0
2024-09-26T20:16:20.239Z;;;;;;;;18.279999;;;;;;;0
2024-09-26T20:17:20.236Z;;;;;;;;18.119999;;;;;;;0
2024-09-26T20:18:20.233Z;;;;;;;;18.1;;;;;;;0
2024-09-26T20:19:20.230Z;;;;;;;;18.34;;;;;;;0
2024-09-26T20:20:20.226Z;;;;;;;;18.5;;;;;;;0
2024-09-26T20:21:20.224Z;;;;;;;;18.71;;;;;;;0
2024-09-26T20:22:20.221Z;;;;;;;;18.88;;;;;;;0
2024-09-26T20:23:20.219Z;;;;;;;;19.3;;;;;;;0
2024-09-26T20:24:20.215Z;;;;;;;;19.38;;;;;;;0
2024-09-26T20:25:20.213Z;;;;;;;;19.22;;;;;;;0
2024-09-26T20:26:20.210Z;;;;;;;;19.08;;;;;;;0
2024-09-26T20:27:20.208Z;;;;;;;;18.88;;;;;;;0
2024-09-26T20:28:20.205Z;;;;;;;;18.619999;;;;;;;0
2024-09-26T20:29:20.203Z;;;;;;;;18.449999;;;;;;;0
2024-09-26T20:30:20.201Z;;;;;;;;18.279999;;;;;;;0
2024-09-26T20:31:20.198Z;;;;;;;;18.1;;;;;;;0
2024-09-26T20:32:20.195Z;;;;;;;;18.119999;;;;;;;0
2024-09-26T20:33:20.192Z;;;;;;;;18.25;;;;;;;0
2024-09-26T20:34:20.189Z;;;;;;;;18.4;;;;;;;0
2024-09-26T20:35:20.189Z;;;;;;;;18.44;;;;;;;0
2024-09-26T20:36:20.189Z;;;;;;;;18.47;;;;;;;0
2024-09-26T20:37:20.186Z;;;;;;;;18.41;;;;;;;0
2024-09-26T20:38:20.184Z;;;;;;;;18.52;;;;;;;0
2024-09-26T20:39:20.182Z;;;;;;;;18.47;;;;;;;0
2024-09-26T20:40:20.178Z;;;;;;;;18.039999;;;;;;;0
2024-09-26T20:41:20.176Z;;;;;;;;17.779999;;;;;;;0
2024-09-26T20:42:20.173Z;;;;;;;;17.609999;;;;;;;0
2024-09-26T20:43:20.171Z;;;;;;;;17.4;;;;;;;0
2024-09-26T20:44:20.168Z;;;;;;;;17.41;;;;;;;0
2024-09-26T20:45:20.166Z;;;;;;;;17.65;;;;;;;0
2024-09-26T20:46:20.163Z;;;;;;;;17.92;;;;;;;0
2024-09-26T20:47:20.159Z;;;;;;;;18.25;;;;;;;0
2024-09-26T20:48:20.156Z;;;;;;;;18.57;;;;;;;0
2024-09-26T20:49:20.152Z;;;;;;;;18.88;;;;;;;0
2024-09-26T20:50:20.150Z;;;;;;;;19.14;;;;;;;0
2024-09-26T20:51:20.147Z;;;;;;;;19.199999;;;;;;;0
2024-09-26T20:52:20.145Z;;;;;;;;19;;;;;;;0
2024-09-26T20:53:20.143Z;;;;;;;;18.91;;;;;;;0
2024-09-26T20:54:20.141Z;;;;;;;;18.71;;;;;;;0
2024-09-26T20:55:20.139Z;;;;;;;;18.47;;;;;;;0
2024-09-26T20:56:20.136Z;;;;;;;;18.369999;;;;;;;0
2024-09-26T20:57:20.134Z;;;;;;;;18.15;;;;;;;0
2024-09-26T20:58:20.131Z;;;;;;;;17.98;;;;;;;0
2024-09-26T20:59:20.129Z;;;;;;;;17.74;;;;;;;0
2024-09-26T21:00:20.127Z;;;;;;;;17.97;;;;;;;0
2024-09-26T21:01:20.124Z;;;;;;;;17.84;;;;;;;0
2024-09-26T21:02:20.121Z;;;;;;;;17.94;;;;;;;0
2024-09-26T21:03:20.117Z;;;;;;;;18.15;;;;;;;0
2024-09-26T21:04:20.115Z;;;;;;;;18.44;;;;;;;0
2024-09-26T21:05:20.112Z;;;;;;;;18.67;;;;;;;0
2024-09-26T21:06:20.109Z;;;;;;;;18.869999;;;;;;;0
2024-09-26T21:07:20.107Z;;;;;;;;19.18;;;;;;;0
2024-09-26T21:08:20.105Z;;;;;;;;19.439999;;;;;;;0
2024-09-26T21:09:20.103Z;;;;;;;;19.25;;;;;;;0
2024-09-26T21:10:20.100Z;;;;;;;;19.1;;;;;;;0
2024-09-26T21:11:20.096Z;;;;;;;;18.97;;;;;;;0
2024-09-26T21:12:20.094Z;;;;;;;;18.72;;;;;;;0
2024-09-26T21:13:20.091Z;;;;;;;;18.52;;;;;;;0
2024-09-26T21:14:20.088Z;;;;;;;;18.44;;;;;;;0
2024-09-26T21:15:20.085Z;;;;;;;;18.44;;;;;;;0
2024-09-26T21:16:20.082Z;;;;;;;;18.52;;;;;;;0
2024-09-26T21:17:20.078Z;;;;;;;;18.51;;;;;;;0
2024-09-26T21:18:20.076Z;;;;;;;;18.5;;;;;;;0
2024-09-26T21:19:20.074Z;;;;;;;;18.279999;;;;;;;0
2024-09-26T21:20:20.071Z;;;;;;;;18.41;;;;;;;0
2024-09-26T21:21:20.068Z;;;;;;;;18.3;;;;;;;0
2024-09-26T21:22:20.066Z;;;;;;;;18.15;;;;;;;0
2024-09-26T21:23:20.063Z;;;;;;;;17.9;;;;;;;0
2024-09-26T21:24:20.060Z;;;;;;;;18;;;;;;;0
2024-09-26T21:25:20.058Z;;;;;;;;18.08;;;;;;;0
2024-09-26T21:26:20.056Z;;;;;;;;18.14;;;;;;;0
2024-09-26T21:27:20.053Z;;;;;;;;18.24;;;;;;;0
2024-09-26T21:28:20.050Z;;;;;;;;18.34;;;;;;;0
2024-09-26T21:29:20.047Z;;;;;;;;18.51;;;;;;;0
2024-09-26T21:30:20.044Z;;;;;;;;18.72;;;;;;;0
2024-09-26T21:31:20.040Z;;;;;;;;18.98;;;;;;;0
2024-09-26T21:32:20.038Z;;;;;;;;19.18;;;;;;;0
2024-09-26T21:33:20.035Z;;;;;;;;19.24;;;;;;;0
2024-09-26T21:34:20.032Z;;;;;;;;19.14;;;;;;;0
2024-09-26T21:35:20.028Z;;;;;;;;18.98;;;;;;;0
2024-09-26T21:36:20.025Z;;;;;;;;18.67;;;;;;;0
2024-09-26T21:37:20.021Z;;;;;;;;18.52;;;;;;;0
2024-09-26T21:38:20.018Z;;;;;;;;18.47;;;;;;;0
2024-09-26T21:39:20.016Z;;;;;;;;18.25;;;;;;;0
2024-09-26T21:40:20.013Z;;;;;;;;18.199999;;;;;;;0
2024-09-26T21:41:20.010Z;;;;;;;;18.25;;;;;;;0
2024-09-26T21:42:20.007Z;;;;;;;;18.1;;;;;;;0
2024-09-26T21:43:20.004Z;;;;;;;;18.199999;;;;;;;0
2024-09-26T21:44:20.002Z;;;;;;;;18.119999;;;;;;;0
2024-09-26T21:45:19.999Z;;;;;;;;18.18;;;;;;;0
2024-09-26T21:46:19.996Z;;;;;;;;18.279999;;;;;;;0
2024-09-26T21:47:19.993Z;;;;;;;;18.41;;;;;;;0
2024-09-26T21:48:19.991Z;;;;;;;;18.55;;;;;;;0
2024-09-26T21:49:19.987Z;;;;;;;;18.67;;;;;;;0
2024-09-26T21:50:19.985Z;;;;;;;;18.84;;;;;;;0
2024-09-26T21:51:19.982Z;;;;;;;;18.98;;;;;;;0
2024-09-26T21:52:19.980Z;;;;;;;;19.08;;;;;;;0
2024-09-26T21:53:19.977Z;;;;;;;;19.199999;;;;;;;0
2024-09-26T21:54:19.972Z;;;;;;;;19.279999;;;;;;;0
2024-09-26T21:55:19.970Z;;;;;;;;19.34;;;;;;;0
2024-09-26T21:56:19.967Z;;;;;;;;19.1;;;;;;;0
2024-09-26T21:57:19.964Z;;;;;;;;18.84;;;;;;;0
2024-09-26T21:58:19.961Z;;;;;;;;18.72;;;;;;;0
2024-09-26T21:59:19.958Z;;;;;;;;18.369999;;;;;;;0
2024-09-26T22:00:19.955Z;;;;;;;;18.18;;;;;;;0
2024-09-26T22:01:19.952Z;;;;;;;;18.18;;;;;;;0
2024-09-26T22:02:19.949Z;;;;;;;;18.14;;;;;;;0
2024-09-26T22:03:19.946Z;;;;;;;;18.35;;;;;;;0
2024-09-26T22:04:19.943Z;;;;;;;;18.47;;;;;;;0
2024-09-26T22:05:19.941Z;;;;;;;;18.52;;;;;;;0
2024-09-26T22:06:19.938Z;;;;;;;;18.44;;;;;;;0
2024-09-26T22:07:19.935Z;;;;;;;;18.41;;;;;;;0
2024-09-26T22:08:19.932Z;;;;;;;;18.369999;;;;;;;0
2024-09-26T22:09:19.929Z;;;;;;;;18.3;;;;;;;0
2024-09-26T22:10:19.927Z;;;;;;;;18.449999;;;;;;;0
2024-09-26T22:11:19.924Z;;;;;;;;18.609999;;;;;;;0
2024-09-26T22:12:19.921Z;;;;;;;;18.81;;;;;;;0
2024-09-26T22:13:19.919Z;;;;;;;;19;;;;;;;0
2024-09-26T22:14:19.917Z;;;;;;;;19.1;;;;;;;0
2024-09-26T22:15:19.914Z;;;;;;;;19.4;;;;;;;0
2024-09-26T22:16:19.911Z;;;;;;;;19.539999;;;;;;;0
2024-09-26T22:17:19.909Z;;;;;;;;19.25;;;;;;;0
2024-09-26T22:18:19.906Z;;;;;;;;19.08;;;;;;;0
2024-09-26T22:19:19.903Z;;;;;;;;18.869999;;;;;;;0
2024-09-26T22:20:19.900Z;;;;;;;;18.67;;;;;;;0
2024-09-26T22:21:19.897Z;;;;;;;;18.52;;;;;;;0
2024-09-26T22:22:19.894Z;;;;;;;;18.52;;;;;;;0
2024-09-26T22:23:19.892Z;;;;;;;;18.52;;;;;;;0
2024-09-26T22:24:19.890Z;;;;;;;;18.67;;;;;;;0
2024-09-26T22:25:19.888Z;;;;;;;;18.68;;;;;;;0
2024-09-26T22:26:19.885Z;;;;;;;;18.55;;;;;;;0
2024-09-26T22:27:19.883Z;;;;;;;;18.68;;;;;;;0
2024-09-26T22:28:19.880Z;;;;;;;;18.75;;;;;;;0
2024-09-26T22:29:19.878Z;;;;;;;;18.77;;;;;;;0
2024-09-26T22:30:19.875Z;;;;;;;;18.75;;;;;;;0
2024-09-26T22:31:19.871Z;;;;;;;;18.6;;;;;;;0
2024-09-26T22:32:19.867Z;;;;;;;;18.369999;;;;;;;0
2024-09-26T22:33:19.863Z;;;;;;;;18.3;;;;;;;0
2024-09-26T22:34:19.860Z;;;;;;;;17.94;;;;;;;0
2024-09-26T22:35:19.858Z;;;;;;;;17.779999;;;;;;;0
2024-09-26T22:36:19.854Z;;;;;;;;17.94;;;;;;;0
2024-09-26T22:37:19.851Z;;;;;;;;18.1;;;;;;;0
2024-09-26T22:38:19.848Z;;;;;;;;18.34;;;;;;;0
2024-09-26T22:39:19.845Z;;;;;;;;18.619999;;;;;;;0
2024-09-26T22:40:19.842Z;;;;;;;;18.92;;;;;;;0
2024-09-26T22:41:19.840Z;;;;;;;;19.35;;;;;;;0
2024-09-26T22:42:19.838Z;;;;;;;;19.47;;;;;;;0
2024-09-26T22:43:19.836Z;;;;;;;;19.35;;;;;;;0
2024-09-26T22:44:19.833Z;;;;;;;;19.199999;;;;;;;0
2024-09-26T22:45:19.830Z;;;;;;;;19.1;;;;;;;0
2024-09-26T22:46:19.827Z;;;;;;;;18.939999;;;;;;;0
2024-09-26T22:47:19.824Z;;;;;;;;18.97;;;;;;;0
2024-09-26T22:48:19.821Z;;;;;;;;19.02;;;;;;;0
2024-09-26T22:49:19.820Z;;;;;;;;18.98;;;;;;;0
2024-09-26T22:50:19.818Z;;;;;;;;18.91;;;;;;;0
2024-09-26T22:51:19.815Z;;;;;;;;18.939999;;;;;;;0
2024-09-26T22:52:19.813Z;;;;;;;;18.71;;;;;;;0
2024-09-26T22:53:19.810Z;;;;;;;;18.44;;;;;;;0
2024-09-26T22:54:19.806Z;;;;;;;;17.98;;;;;;;0
2024-09-26T22:55:19.804Z;;;;;;;;17.67;;;;;;;0
2024-09-26T22:56:19.800Z;;;;;;;;17.609999;;;;;;;0
2024-09-26T22:57:19.797Z;;;;;;;;17.869999;;;;;;;0
2024-09-26T22:58:19.795Z;;;;;;;;18.18;;;;;;;0
2024-09-26T22:59:19.793Z;;;;;;;;18.4;;;;;;;0
2024-09-26T23:00:19.791Z;;;;;;;;18.75;;;;;;;0
2024-09-26T23:01:19.788Z;;;;;;;;19.18;;;;;;;0
2024-09-26T23:02:19.786Z;;;;;;;;19.34;;;;;;;0
2024-09-26T23:03:19.784Z;;;;;;;;19.34;;;;;;;0
2024-09-26T23:04:19.781Z;;;;;;;;19.35;;;;;;;0
2024-09-26T23:05:19.777Z;;;;;;;;19.15;;;;;;;0
2024-09-26T23:06:19.774Z;;;;;;;;19.07;;;;;;;0
2024-09-26T23:07:19.772Z;;;;;;;;18.939999;;;;;;;0
2024-09-26T23:08:19.769Z;;;;;;;;18.88;;;;;;;0
2024-09-26T23:09:19.766Z;;;;;;;;18.869999;;;;;;;0
2024-09-26T23:10:19.763Z;;;;;;;;18.72;;;;;;;0
2024-09-26T23:11:19.760Z;;;;;;;;18.82;;;;;;;0
2024-09-26T23:12:19.757Z;;;;;;;;18.71;;;;;;;0
2024-09-26T23:13:19.755Z;;;;;;;;18.68;;;;;;;0
2024-09-26T23:14:19.753Z;;;;;;;;18.65;;;;;;;0
2024-09-26T23:15:19.750Z;;;;;;;;18.41;;;;;;;0
2024-09-26T23:16:19.747Z;;;;;;;;18.199999;;;;;;;0
2024-09-26T23:17:19.744Z;;;;;;;;17.98;;;;;;;0
2024-09-26T23:18:19.740Z;;;;;;;;17.98;;;;;;;0
2024-09-26T23:19:19.737Z;;;;;;;;17.9;;;;;;;0
2024-09-26T23:20:19.735Z;;;;;;;;18.05;;;;;;;0
2024-09-26T23:21:19.732Z;;;;;;;;18.25;;;;;;;0
2024-09-26T23:22:19.729Z;;;;;;;;18.47;;;;;;;0
2024-09-26T23:23:19.726Z;;;;;;;;18.77;;;;;;;0
2024-09-26T23:24:19.723Z;;;;;;;;18.939999;;;;;;;0
2024-09-26T23:25:19.720Z;;;;;;;;19.22;;;;;;;0
2024-09-26T23:26:19.718Z;;;;;;;;19.439999;;;;;;;0
2024-09-26T23:27:19.715Z;;;;;;;;19.539999;;;;;;;0
2024-09-26T23:28:19.712Z;;;;;;;;19.31;;;;;;;0
2024-09-26T23:29:19.709Z;;;;;;;;19.24;;;;;;;0
2024-09-26T23:30:19.707Z;;;;;;;;19;;;;;;;0
2024-09-26T23:31:19.704Z;;;;;;;;18.939999;;;;;;;0
2024-09-26T23:32:19.701Z;;;;;;;;18.869999;;;;;;;0
2024-09-26T23:33:19.698Z;;;;;;;;18.51;;;;;;;0
2024-09-26T23:34:19.694Z;;;;;;;;18.4;;;;;;;0
2024-09-26T23:35:19.691Z;;;;;;;;18.47;;;;;;;0
2024-09-26T23:36:19.688Z;;;;;;;;18.369999;;;;;;;0
2024-09-26T23:37:19.685Z;;;;;;;;18.41;;;;;;;0
2024-09-26T23:38:19.682Z;;;;;;;;18.52;;;;;;;0
2024-09-26T23:39:19.679Z;;;;;;;;18.52;;;;;;;0
2024-09-26T23:40:19.676Z;;;;;;;;18.449999;;;;;;;0
2024-09-26T23:41:19.673Z;;;;;;;;18.47;;;;;;;0
2024-09-26T23:42:19.671Z;;;;;;;;18.35;;;;;;;0
2024-09-26T23:43:19.668Z;;;;;;;;18.609999;;;;;;;0
2024-09-26T23:44:19.666Z;;;;;;;;18.88;;;;;;;0
2024-09-26T23:45:19.663Z;;;;;;;;19.15;;;;;;;0
2024-09-26T23:46:19.660Z;;;;;;;;19.539999;;;;;;;0
2024-09-26T23:47:19.658Z;;;;;;;;19.71;;;;;;;0
2024-09-26T23:48:19.656Z;;;;;;;;19.92;;;;;;;0
2024-09-26T23:49:19.654Z;;;;;;;;19.88;;;;;;;0
2024-09-26T23:50:19.651Z;;;;;;;;19.75;;;;;;;0
2024-09-26T23:51:19.649Z;;;;;;;;19.57;;;;;;;0
2024-09-26T23:52:19.646Z;;;;;;;;19.51;;;;;;;0
2024-09-26T23:53:19.643Z;;;;;;;;19.3;;;;;;;0
2024-09-26T23:54:19.640Z;;;;;;;;19.14;;;;;;;0
2024-09-26T23:55:19.637Z;;;;;;;;19.039999;;;;;;;0
2024-09-26T23:56:19.634Z;;;;;;;;18.92;;;;;;;0
2024-09-26T23:57:19.631Z;;;;;;;;18.84;;;;;;;0
2024-09-26T23:58:19.628Z;;;;;;;;18.72;;;;;;;0
2024-09-26T23:59:19.626Z;;;;;;;;18.84;;;;;;;0
2024-09-27T00:00:19.622Z;;;;;;;;18.81;;;;;;;0
2024-09-27T00:01:19.620Z;;;;;;;;18.65;;;;;;;0
2024-09-27T00:02:19.617Z;;;;;;;;18.55;;;;;;;0
2024-09-27T00:03:19.614Z;;;;;;;;18.4;;;;;;;0
2024-09-27T00:04:19.611Z;;;;;;;;18.41;;;;;;;0
2024-09-27T00:05:19.609Z;;;;;;;;18.41;;;;;;;0
2024-09-27T00:06:19.606Z;;;;;;;;18.41;;;;;;;0
2024-09-27T00:07:19.604Z;;;;;;;;18.52;;;;;;;0
2024-09-27T00:08:19.601Z;;;;;;;;18.609999;;;;;;;0
2024-09-27T00:09:19.599Z;;;;;;;;18.619999;;;;;;;0
2024-09-27T00:10:19.596Z;;;;;;;;18.609999;;;;;;;0
2024-09-27T00:11:19.594Z;;;;;;;;18.6;;;;;;;0
2024-09-27T00:12:19.592Z;;;;;;;;18.44;;;;;;;0
2024-09-27T00:13:19.590Z;;;;;;;;18.41;;;;;;;0
2024-09-27T00:14:19.588Z;;;;;;;;18.44;;;;;;;0
2024-09-27T00:15:19.585Z;;;;;;;;18.35;;;;;;;0
2024-09-27T00:16:19.582Z;;;;;;;;18.31;;;;;;;0
2024-09-27T00:17:19.579Z;;;;;;;;18.24;;;;;;;0
2024-09-27T00:18:19.576Z;;;;;;;;18.3;;;;;;;0
2024-09-27T00:19:19.574Z;;;;;;;;18.51;;;;;;;0
2024-09-27T00:20:19.571Z;;;;;;;;18.57;;;;;;;0
2024-09-27T00:21:19.568Z;;;;;;;;18.34;;;;;;;0
2024-09-27T00:22:19.565Z;;;;;;;;18.31;;;;;;;0
2024-09-27T00:23:19.563Z;;;;;;;;18.05;;;;;;;0
2024-09-27T00:24:19.559Z;;;;;;;;18.119999;;;;;;;0
2024-09-27T00:25:19.556Z;;;;;;;;18.5;;;;;;;0
2024-09-27T00:26:19.553Z;;;;;;;;18.88;;;;;;;0
2024-09-27T00:27:19.550Z;;;;;;;;19.35;;;;;;;0
2024-09-27T00:28:19.547Z;;;;;;;;19.71;;;;;;;0
2024-09-27T00:29:19.544Z;;;;;;;;19.82;;;;;;;0
2024-09-27T00:30:19.541Z;;;;;;;;19.869999;;;;;;;0
2024-09-27T00:31:19.538Z;;;;;;;;19.81;;;;;;;0
2024-09-27T00:32:19.536Z;;;;;;;;19.57;;;;;;;0
2024-09-27T00:33:19.534Z;;;;;;;;19.24;;;;;;;0
2024-09-27T00:34:19.531Z;;;;;;;;18.97;;;;;;;0
2024-09-27T00:35:19.529Z;;;;;;;;18.65;;;;;;;0
2024-09-27T00:36:19.526Z;;;;;;;;18.5;;;;;;;0
2024-09-27T00:37:19.523Z;;;;;;;;18.44;;;;;;;0
2024-09-27T00:38:19.520Z;;;;;;;;18.3;;;;;;;0
2024-09-27T00:39:19.518Z;;;;;;;;18.25;;;;;;;0
2024-09-27T00:40:19.516Z;;;;;;;;18.25;;;;;;;0
2024-09-27T00:41:19.514Z;;;;;;;;18.25;;;;;;;0
2024-09-27T00:42:19.510Z;;;;;;;;18.34;;;;;;;0
2024-09-27T00:43:19.507Z;;;;;;;;18.31;;;;;;;0
2024-09-27T00:44:19.504Z;;;;;;;;18.279999;;;;;;;0
2024-09-27T00:45:19.502Z;;;;;;;;18.35;;;;;;;0
2024-09-27T00:46:19.500Z;;;;;;;;18.57;;;;;;;0
2024-09-27T00:47:19.498Z;;;;;;;;18.609999;;;;;;;0
2024-09-27T00:48:19.495Z;;;;;;;;18.65;;;;;;;0
2024-09-27T00:49:19.493Z;;;;;;;;18.6;;;;;;;0
2024-09-27T00:50:19.490Z;;;;;;;;18.34;;;;;;;0
2024-09-27T00:51:19.487Z;;;;;;;;18.14;;;;;;;0
2024-09-27T00:52:19.484Z;;;;;;;;18.15;;;;;;;0
2024-09-27T00:53:19.482Z;;;;;;;;18.119999;;;;;;;0
2024-09-27T00:54:19.478Z;;;;;;;;18.35;;;;;;;0
2024-09-27T00:55:19.477Z;;;;;;;;18.619999;;;;;;;0
2024-09-27T00:56:19.474Z;;;;;;;;18.77;;;;;;;0
2024-09-27T00:57:19.471Z;;;;;;;;18.88;;;;;;;0
2024-09-27T00:58:19.469Z;;;;;;;;18.939999;;;;;;;0
2024-09-27T00:59:19.465Z;;;;;;;;19.07;;;;;;;0
2024-09-27T01:00:19.462Z;;;;;;;;19.15;;;;;;;0
2024-09-27T01:01:19.460Z;;;;;;;;19.279999;;;;;;;0
2024-09-27T01:02:19.457Z;;;;;;;;19.22;;;;;;;0
2024-09-27T01:03:19.454Z;;;;;;;;19.08;;;;;;;0
2024-09-27T01:04:19.452Z;;;;;;;;18.75;;;;;;;0
2024-09-27T01:05:19.449Z;;;;;;;;18.449999;;;;;;;0
2024-09-27T01:06:19.447Z;;;;;;;;18.449999;;;;;;;0
2024-09-27T01:07:19.444Z;;;;;;;;18.34;;;;;;;0
2024-09-27T01:08:19.441Z;;;;;;;;18.3;;;;;;;0
2024-09-27T01:09:19.438Z;;;;;;;;18.3;;;;;;;0
2024-09-27T01:10:19.435Z;;;;;;;;18.119999;;;;;;;0
2024-09-27T01:11:19.432Z;;;;;;;;18.119999;;;;;;;0
2024-09-27T01:12:19.429Z;;;;;;;;18.199999;;;;;;;0
2024-09-27T01:13:19.427Z;;;;;;;;18.25;;;;;;;0
2024-09-27T01:14:19.424Z;;;;;;;;18.34;;;;;;;0
2024-09-27T01:15:19.421Z;;;;;;;;18.25;;;;;;;0
2024-09-27T01:16:19.419Z;;;;;;;;18.25;;;;;;;0
2024-09-27T01:17:19.417Z;;;;;;;;18.52;;;;;;;0
2024-09-27T01:18:19.414Z;;;;;;;;18.82;;;;;;;0
2024-09-27T01:19:19.411Z;;;;;;;;19.039999;;;;;;;0
2024-09-27T01:20:19.408Z;;;;;;;;19.279999;;;;;;;0
2024-09-27T01:21:19.405Z;;;;;;;;19.35;;;;;;;0
2024-09-27T01:22:19.402Z;;;;;;;;19.35;;;;;;;0
2024-09-27T01:23:19.398Z;;;;;;;;19.51;;;;;;;0
2024-09-27T01:24:19.395Z;;;;;;;;19.51;;;;;;;0
2024-09-27T01:25:19.393Z;;;;;;;;19.41;;;;;;;0
2024-09-27T01:26:19.391Z;;;;;;;;19.3;;;;;;;0
2024-09-27T01:27:19.387Z;;;;;;;;19.18;;;;;;;0
2024-09-27T01:28:19.384Z;;;;;;;;18.81;;;;;;;0
2024-09-27T01:29:19.380Z;;;;;;;;18.84;;;;;;;0
2024-09-27T01:30:19.378Z;;;;;;;;18.91;;;;;;;0
2024-09-27T01:31:19.376Z;;;;;;;;18.779999;;;;;;;0
2024-09-27T01:32:19.375Z;;;;;;;;18.67;;;;;;;0
2024-09-27T01:33:19.372Z;;;;;;;;18.68;;;;;;;0
2024-09-27T01:34:19.369Z;;;;;;;;18.57;;;;;;;0
2024-09-27T01:35:19.366Z;;;;;;;;18.6;;;;;;;0
2024-09-27T01:36:19.363Z;;;;;;;;18.71;;;;;;;0
2024-09-27T01:37:19.360Z;;;;;;;;18.68;;;;;;;0
2024-09-27T01:38:19.358Z;;;;;;;;18.779999;;;;;;;0
2024-09-27T01:39:19.354Z;;;;;;;;18.81;;;;;;;0
2024-09-27T01:40:19.352Z;;;;;;;;18.68;;;;;;;0
2024-09-27T01:41:19.349Z;;;;;;;;18.57;;;;;;;0
2024-09-27T01:42:19.345Z;;;;;;;;18.449999;;;;;;;0
2024-09-27T01:43:19.342Z;;;;;;;;18.44;;;;;;;0
2024-09-27T01:44:19.339Z;;;;;;;;18.449999;;;;;;;0
2024-09-27T01:45:19.337Z;;;;;;;;18.34;;;;;;;0
2024-09-27T01:46:19.335Z;;;;;;;;18.1;;;;;;;0
2024-09-27T01:47:19.332Z;;;;;;;;17.779999;;;;;;;0
2024-09-27T01:48:19.330Z;;;;;;;;17.94;;;;;;;0
2024-09-27T01:49:19.327Z;;;;;;;;18.15;;;;;;;0
2024-09-27T01:50:19.325Z;;;;;;;;18.44;;;;;;;0
2024-09-27T01:51:19.323Z;;;;;;;;18.68;;;;;;;0
2024-09-27T01:52:19.319Z;;;;;;;;18.91;;;;;;;0
2024-09-27T01:53:19.317Z;;;;;;;;19.24;;;;;;;0
2024-09-27T01:54:19.314Z;;;;;;;;19.57;;;;;;;0
2024-09-27T01:55:19.311Z;;;;;;;;19.71;;;;;;;0
2024-09-27T01:56:19.308Z;;;;;;;;19.81;;;;;;;0
2024-09-27T01:57:19.306Z;;;;;;;;19.59;;;;;;;0
2024-09-27T01:58:19.303Z;;;;;;;;19.18;;;;;;;0
2024-09-27T01:59:19.301Z;;;;;;;;19.08;;;;;;;0
2024-09-27T02:00:19.298Z;;;;;;;;18.91;;;;;;;0
2024-09-27T02:01:19.295Z;;;;;;;;18.779999;;;;;;;0
2024-09-27T02:02:19.292Z;;;;;;;;18.82;;;;;;;0
2024-09-27T02:03:19.289Z;;;;;;;;18.77;;;;;;;0
2024-09-27T02:04:19.286Z;;;;;;;;18.55;;;;;;;0
2024-09-27T02:05:19.283Z;;;;;;;;18.51;;;;;;;0
2024-09-27T02:06:19.282Z;;;;;;;;18.41;;;;;;;0
2024-09-27T02:07:19.279Z;;;;;;;;18.34;;;;;;;0
2024-09-27T02:08:19.276Z;;;;;;;;18.25;;;;;;;0
2024-09-27T02:09:19.273Z;;;;;;;;18.18;;;;;;;0
2024-09-27T02:10:19.271Z;;;;;;;;18.21;;;;;;;0
2024-09-27T02:11:19.268Z;;;;;;;;18.41;;;;;;;0
2024-09-27T02:12:19.264Z;;;;;;;;18.57;;;;;;;0
2024-09-27T02:13:19.262Z;;;;;;;;18.71;;;;;;;0
2024-09-27T02:14:19.261Z;;;;;;;;18.82;;;;;;;0
2024-09-27T02:15:19.257Z;;;;;;;;18.779999;;;;;;;0
2024-09-27T02:16:19.254Z;;;;;;;;18.81;;;;;;;0
2024-09-27T02:17:19.251Z;;;;;;;;18.98;;;;;;;0
2024-09-27T02:18:19.248Z;;;;;;;;19.039999;;;;;;;0
2024-09-27T02:19:19.245Z;;;;;;;;19;;;;;;;0
2024-09-27T02:20:19.242Z;;;;;;;;18.84;;;;;;;0
2024-09-27T02:21:19.239Z;;;;;;;;18.449999;;;;;;;0
2024-09-27T02:22:19.236Z;;;;;;;;18.279999;;;;;;;0
2024-09-27T02:23:19.233Z;;;;;;;;18.119999;;;;;;;0
2024-09-27T02:24:19.230Z;;;;;;;;17.779999;;;;;;;0
2024-09-27T02:25:19.227Z;;;;;;;;17.42;;;;;;;0
2024-09-27T02:26:19.224Z;;;;;;;;17.449999;;;;;;;0
2024-09-27T02:27:19.222Z;;;;;;;;17.67;;;;;;;0
2024-09-27T02:28:19.220Z;;;;;;;;18.039999;;;;;;;0
2024-09-27T02:29:19.216Z;;;;;;;;18.51;;;;;;;0
2024-09-27T02:30:19.213Z;;;;;;;;18.91;;;;;;;0
2024-09-27T02:31:19.211Z;;;;;;;;19.25;;;;;;;0
2024-09-27T02:32:19.209Z;;;;;;;;19.59;;;;;;;0
2024-09-27T02:33:19.206Z;;;;;;;;19.779999;;;;;;;0
2024-09-27T02:34:19.204Z;;;;;;;;19.869999;;;;;;;0
2024-09-27T02:35:19.202Z;;;;;;;;19.72;;;;;;;0
2024-09-27T02:36:19.199Z;;;;;;;;19.38;;;;;;;0
2024-09-27T02:37:19.196Z;;;;;;;;19.15;;;;;;;0
2024-09-27T02:38:19.193Z;;;;;;;;18.81;;;;;;;0
2024-09-27T02:39:19.191Z;;;;;;;;18.57;;;;;;;0
2024-09-27T02:40:19.188Z;;;;;;;;18.47;;;;;;;0
2024-09-27T02:41:19.185Z;;;;;;;;18.47;;;;;;;0
2024-09-27T02:42:19.182Z;;;;;;;;18.51;;;;;;;0
2024-09-27T02:43:19.179Z;;;;;;;;18.609999;;;;;;;0
2024-09-27T02:44:19.176Z;;;;;;;;18.57;;;;;;;0
2024-09-27T02:45:19.173Z;;;;;;;;18.52;;;;;;;0
2024-09-27T02:46:19.170Z;;;;;;;;18.51;;;;;;;0
2024-09-27T02:47:19.168Z;;;;;;;;18.619999;;;;;;;0
2024-09-27T02:48:19.164Z;;;;;;;;18.75;;;;;;;0
2024-09-27T02:49:19.161Z;;;;;;;;18.72;;;;;;;0
2024-09-27T02:50:19.158Z;;;;;;;;18.609999;;;;;;;0
2024-09-27T02:51:19.155Z;;;;;;;;18.44;;;;;;;0
2024-09-27T02:52:19.152Z;;;;;;;;18.3;;;;;;;0
2024-09-27T02:53:19.150Z;;;;;;;;18.199999;;;;;;;0
2024-09-27T02:54:19.148Z;;;;;;;;18.24;;;;;;;0
2024-09-27T02:55:19.144Z;;;;;;;;18.35;;;;;;;0
2024-09-27T02:56:19.141Z;;;;;;;;18.25;;;;;;;0
2024-09-27T02:57:19.138Z;;;;;;;;18.279999;;;;;;;0
2024-09-27T02:58:19.136Z;;;;;;;;18.25;;;;;;;0
2024-09-27T02:59:19.132Z;;;;;;;;18.24;;;;;;;0
2024-09-27T03:00:19.131Z;;;;;;;;18.449999;;;;;;;0
2024-09-27T03:01:19.128Z;;;;;;;;18.72;;;;;;;0
2024-09-27T03:02:19.126Z;;;;;;;;18.779999;;;;;;;0
2024-09-27T03:03:19.124Z;;;;;;;;18.82;;;;;;;0
2024-09-27T03:04:19.121Z;;;;;;;;18.98;;;;;;;0
2024-09-27T03:05:19.119Z;;;;;;;;18.779999;;;;;;;0
2024-09-27T03:06:19.114Z;;;;;;;;18.81;;;;;;;0
2024-09-27T03:07:19.111Z;;;;;;;;18.72;;;;;;;0
2024-09-27T03:08:19.108Z;;;;;;;;18.619999;;;;;;;0
2024-09-27T03:09:19.105Z;;;;;;;;18.71;;;;;;;0
2024-09-27T03:10:19.102Z;;;;;;;;18.6;;;;;;;0
2024-09-27T03:11:19.099Z;;;;;;;;18.449999;;;;;;;0
2024-09-27T03:12:19.096Z;;;;;;;;18.51;;;;;;;0
2024-09-27T03:13:19.092Z;;;;;;;;18.369999;;;;;;;0
2024-09-27T03:14:19.090Z;;;;;;;;18.4;;;;;;;0
2024-09-27T03:15:19.087Z;;;;;;;;18.51;;;;;;;0
2024-09-27T03:16:19.084Z;;;;;;;;18.55;;;;;;;0
2024-09-27T03:17:19.082Z;;;;;;;;18.6;;;;;;;0
2024-09-27T03:18:19.079Z;;;;;;;;18.609999;;;;;;;0
2024-09-27T03:19:19.076Z;;;;;;;;18.6;;;;;;;0
2024-09-27T03:20:19.073Z;;;;;;;;18.55;;;;;;;0
2024-09-27T03:21:19.070Z;;;;;;;;18.619999;;;;;;;0
2024-09-27T03:22:19.068Z;;;;;;;;18.71;;;;;;;0
2024-09-27T03:23:19.066Z;;;;;;;;18.65;;;;;;;0
2024-09-27T03:24:19.063Z;;;;;;;;18.52;;;;;;;0
2024-09-27T03:25:19.060Z;;;;;;;;18.52;;;;;;;0
2024-09-27T03:26:19.057Z;;;;;;;;18.5;;;;;;;0
2024-09-27T03:27:19.054Z;;;;;;;;18.71;;;;;;;0
2024-09-27T03:28:19.051Z;;;;;;;;18.81;;;;;;;0
2024-09-27T03:29:19.049Z;;;;;;;;18.97;;;;;;;0
2024-09-27T03:30:19.047Z;;;;;;;;19.199999;;;;;;;0
2024-09-27T03:31:19.044Z;;;;;;;;19.57;;;;;;;0
2024-09-27T03:32:19.041Z;;;;;;;;19.77;;;;;;;0
2024-09-27T03:33:19.039Z;;;;;;;;19.869999;;;;;;;0
2024-09-27T03:34:19.036Z;;;;;;;;19.91;;;;;;;0
2024-09-27T03:35:19.033Z;;;;;;;;19.75;;;;;;;0
2024-09-27T03:36:19.030Z;;;;;;;;19.5;;;;;;;0
2024-09-27T03:37:19.027Z;;;;;;;;19.15;;;;;;;0
2024-09-27T03:38:19.023Z;;;;;;;;18.98;;;;;;;0
2024-09-27T03:39:19.020Z;;;;;;;;18.91;;;;;;;0
2024-09-27T03:40:19.017Z;;;;;;;;18.82;;;;;;;0
2024-09-27T03:41:19.014Z;;;;;;;;18.72;;;;;;;0
2024-09-27T03:42:19.013Z;;;;;;;;18.67;;;;;;;0
2024-09-27T03:43:19.009Z;;;;;;;;18.5;;;;;;;0
2024-09-27T03:44:19.007Z;;;;;;;;18.34;;;;;;;0
2024-09-27T03:45:19.005Z;;;;;;;;18.5;;;;;;;0
2024-09-27T03:46:19.002Z;;;;;;;;18.449999;;;;;;;0
2024-09-27T03:47:18.999Z;;;;;;;;18.35;;;;;;;0
2024-09-27T03:48:18.996Z;;;;;;;;18.44;;;;;;;0
2024-09-27T03:49:18.993Z;;;;;;;;18.67;;;;;;;0
2024-09-27T03:50:18.990Z;;;;;;;;18.91;;;;;;;0
2024-09-27T03:51:18.988Z;;;;;;;;19;;;;;;;0
2024-09-27T03:52:18.985Z;;;;;;;;19.1;;;;;;;0
2024-09-27T03:53:18.982Z;;;;;;;;19.22;;;;;;;0
2024-09-27T03:54:18.979Z;;;;;;;;19.449999;;;;;;;0
2024-09-27T03:55:18.976Z;;;;;;;;19.609999;;;;;;;0
2024-09-27T03:56:18.973Z;;;;;;;;19.81;;;;;;;0
2024-09-27T03:57:18.970Z;;;;;;;;19.92;;;;;;;0
2024-09-27T03:58:18.967Z;;;;;;;;19.82;;;;;;;0
2024-09-27T03:59:18.964Z;;;;;;;;19.609999;;;;;;;0
2024-09-27T04:00:18.962Z;;;;;;;;19.5;;;;;;;0
2024-09-27T04:01:18.958Z;;;;;;;;19.279999;;;;;;;0
2024-09-27T04:02:18.955Z;;;;;;;;19.3;;;;;;;0
2024-09-27T04:03:18.952Z;;;;;;;;19.31;;;;;;;0
2024-09-27T04:04:18.949Z;;;;;;;;19.14;;;;;;;0
2024-09-27T04:05:18.946Z;;;;;;;;19.14;;;;;;;0
2024-09-27T04:06:18.943Z;;;;;;;;19.15;;;;;;;0
2024-09-27T04:07:18.940Z;;;;;;;;19.15;;;;;;;0
2024-09-27T04:08:18.938Z;;;;;;;;19.07;;;;;;;0
2024-09-27T04:09:18.936Z;;;;;;;;18.97;;;;;;;0
2024-09-27T04:10:18.932Z;;;;;;;;18.82;;;;;;;0
2024-09-27T04:11:18.930Z;;;;;;;;18.91;;;;;;;0
2024-09-27T04:12:18.926Z;;;;;;;;18.97;;;;;;;0
2024-09-27T04:13:18.923Z;;;;;;;;18.84;;;;;;;0
2024-09-27T04:14:18.920Z;;;;;;;;18.88;;;;;;;0
2024-09-27T04:15:18.917Z;;;;;;;;18.98;;;;;;;0
2024-09-27T04:16:18.914Z;;;;;;;;19;;;;;;;0
2024-09-27T04:17:18.912Z;;;;;;;;19.08;;;;;;;0
2024-09-27T04:18:18.910Z;;;;;;;;19.039999;;;;;;;0
2024-09-27T04:19:18.908Z;;;;;;;;18.92;;;;;;;0
2024-09-27T04:20:18.904Z;;;;;;;;18.92;;;;;;;0
2024-09-27T04:21:18.902Z;;;;;;;;18.88;;;;;;;0
2024-09-27T04:22:18.898Z;;;;;;;;18.75;;;;;;;0
2024-09-27T04:23:18.895Z;;;;;;;;18.72;;;;;;;0
2024-09-27T04:24:18.892Z;;;;;;;;18.82;;;;;;;0
2024-09-27T04:25:18.889Z;;;;;;;;18.84;;;;;;;0
2024-09-27T04:26:18.886Z;;;;;;;;19.119999;;;;;;;0
2024-09-27T04:27:18.883Z;;;;;;;;19.3;;;;;;;0
2024-09-27T04:28:18.881Z;;;;;;;;19.35;;;;;;;0
2024-09-27T04:29:18.878Z;;;;;;;;19.35;;;;;;;0
2024-09-27T04:30:18.876Z;;;;;;;;19.439999;;;;;;;0
2024-09-27T04:31:18.873Z;;;;;;;;19.51;;;;;;;0
2024-09-27T04:32:18.870Z;;;;;;;;19.5;;;;;;;0
2024-09-27T04:33:18.868Z;;;;;;;;19.51;;;;;;;0
2024-09-27T04:34:18.868Z;;;;;;;;19.55;;;;;;;0
2024-09-27T04:35:18.866Z;;;;;;;;19.65;;;;;;;0
2024-09-27T04:36:18.865Z;;;;;;;;19.47;;;;;;;0
2024-09-27T04:37:18.863Z;;;;;;;;19.38;;;;;;;0
2024-09-27T04:38:18.861Z;;;;;;;;19.4;;;;;;;0
2024-09-27T04:39:18.858Z;;;;;;;;19.38;;;;;;;0
2024-09-27T04:40:18.857Z;;;;;;;;19.539999;;;;;;;0
2024-09-27T04:41:18.855Z;;;;;;;;19.55;;;;;;;0
2024-09-27T04:42:18.853Z;;;;;;;;19.67;;;;;;;0
2024-09-27T04:43:18.851Z;;;;;;;;19.71;;;;;;;0
2024-09-27T04:44:18.850Z;;;;;;;;19.57;;;;;;;0
2024-09-27T04:45:18.848Z;;;;;;;;19.4;;;;;;;0
2024-09-27T04:46:18.847Z;;;;;;;;19.3;;;;;;;0
2024-09-27T04:47:18.845Z;;;;;;;;19.35;;;;;;;0
2024-09-27T04:48:18.844Z;;;;;;;;19.24;;;;;;;0
2024-09-27T04:49:18.843Z;;;;;;;;19.22;;;;;;;0
2024-09-27T04:50:18.841Z;;;;;;;;19.25;;;;;;;0
2024-09-27T04:51:18.839Z;;;;;;;;19.279999;;;;;;;0
2024-09-27T04:52:18.838Z;;;;;;;;19.47;;;;;;;0
2024-09-27T04:53:18.837Z;;;;;;;;19.77;;;;;;;0
2024-09-27T04:54:18.838Z;;;;;;;;19.97;;;;;;;0
2024-09-27T04:55:18.837Z;;;;;;;;20.08;;;;;;;0
2024-09-27T04:56:18.836Z;;;;;;;;20.039999;;;;;;;0
2024-09-27T04:57:18.834Z;;;;;;;;20.14;;;;;;;0
2024-09-27T04:58:18.831Z;;;;;;;;20.22;;;;;;;0
2024-09-27T04:59:18.830Z;;;;;;;;20.17;;;;;;;0
2024-09-27T05:00:18.829Z;;;;;;;;19.92;;;;;;;0
2024-09-27T05:01:18.826Z;;;;;;;;19.91;;;;;;;0
2024-09-27T05:02:18.824Z;;;;;;;;19.65;;;;;;;0
2024-09-27T05:03:18.822Z;;;;;;;;19.609999;;;;;;;0
2024-09-27T05:04:18.820Z;;;;;;;;19.47;;;;;;;0
2024-09-27T05:05:18.819Z;;;;;;;;19.24;;;;;;;0
2024-09-27T05:06:18.816Z;;;;;;;;19.199999;;;;;;;0
2024-09-27T05:07:18.815Z;;;;;;;;19.55;;;;;;;0
2024-09-27T05:08:18.814Z;;;;;;;;19.77;;;;;;;0
2024-09-27T05:09:18.812Z;;;;;;;;19.85;;;;;;;0
2024-09-27T05:10:18.811Z;;;;;;;;19.939999;;;;;;;0
2024-09-27T05:11:18.808Z;;;;;;;;19.939999;;;;;;;0
2024-09-27T05:12:18.806Z;;;;;;;;19.97;;;;;;;0
2024-09-27T05:13:18.805Z;;;;;;;;19.91;;;;;;;0
2024-09-27T05:14:18.805Z;;;;;;;;19.81;;;;;;;0
2024-09-27T05:15:18.803Z;;;;;;;;19.85;;;;;;;0
2024-09-27T05:16:18.801Z;;;;;;;;19.75;;;;;;;0
2024-09-27T05:17:18.798Z;;;;;;;;19.59;;;;;;;0
2024-09-27T05:18:18.797Z;;;;;;;;19.57;;;;;;;0
2024-09-27T05:19:18.795Z;;;;;;;;19.51;;;;;;;0
2024-09-27T05:20:18.794Z;;;;;;;;19.539999;;;;;;;0
2024-09-27T05:21:18.792Z;;;;;;;;19.59;;;;;;;0
2024-09-27T05:22:18.790Z;;;;;;;;19.59;;;;;;;0
2024-09-27T05:23:18.788Z;;;;;;;;19.539999;;;;;;;0
2024-09-27T05:24:18.787Z;;;;;;;;19.5;;;;;;;0
2024-09-27T05:25:18.785Z;;;;;;;;19.41;;;;;;;0
2024-09-27T05:26:18.782Z;;;;;;;;19.51;;;;;;;0
2024-09-27T05:27:18.781Z;;;;;;;;19.5;;;;;;;0
2024-09-27T05:28:18.779Z;;;;;;;;19.71;;;;;;;0
2024-09-27T05:29:18.778Z;;;;;;;;19.67;;;;;;;0
2024-09-27T05:30:18.776Z;;;;;;;;19.619999;;;;;;;0
2024-09-27T05:31:18.774Z;;;;;;;;19.65;;;;;;;0
2024-09-27T05:32:18.773Z;;;;;;;;19.75;;;;;;;0
2024-09-27T05:33:18.772Z;;;;;;;;19.85;;;;;;;0
2024-09-27T05:34:18.771Z;;;;;;;;19.88;;;;;;;0
2024-09-27T05:35:18.768Z;;;;;;;;19.75;;;;;;;0
2024-09-27T05:36:18.767Z;;;;;;;;19.65;;;;;;;0
2024-09-27T05:37:18.766Z;;;;;;;;19.619999;;;;;;;0
2024-09-27T05:38:18.766Z;;;;;;;;19.67;;;;;;;0
2024-09-27T05:39:18.764Z;;;;;;;;19.77;;;;;;;0
2024-09-27T05:40:18.763Z;;;;;;;;19.81;;;;;;;0
2024-09-27T05:41:18.761Z;;;;;;;;19.65;;;;;;;0
2024-09-27T05:42:18.759Z;;;;;;;;19.67;;;;;;;0
2024-09-27T05:43:18.758Z;;;;;;;;19.31;;;;;;;0
2024-09-27T05:44:18.755Z;;;;;;;;19.199999;;;;;;;0
2024-09-27T05:45:18.753Z;;;;;;;;19.47;;;;;;;0
2024-09-27T05:45:58.403Z;;;;;;;;19.619999;;;;;;;0
2024-09-27T05:46:58.400Z;;;;;;;;19.72;;;;;;;0
2024-09-27T05:47:58.397Z;;;;;;;;19.75;;;;;;;0
2024-09-27T05:48:58.394Z;;;;;;;;19.71;;;;;;;0
2024-09-27T05:49:58.391Z;;;;;;;;19.81;;;;;;;0
2024-09-27T05:50:58.388Z;;;;;;;;19.97;;;;;;;0
2024-09-27T05:51:58.385Z;;;;;;;;20.07;;;;;;;0
2024-09-27T05:52:58.382Z;;;;;;;;20.09;;;;;;;0
2024-09-27T05:53:58.379Z;;;;;;;;20.189999;;;;;;;0
2024-09-27T05:54:58.376Z;;;;;;;;20.039999;;;;;;;0
2024-09-27T05:55:58.373Z;;;;;;;;19.75;;;;;;;0
2024-09-27T05:56:58.371Z;;;;;;;;19.67;;;;;;;0
2024-09-27T05:57:58.367Z;;;;;;;;19.55;;;;;;;0
2024-09-27T05:58:58.364Z;;;;;;;;19.59;;;;;;;0
2024-09-27T05:59:58.362Z;;;;;;;;19.55;;;;;;;0
2024-09-27T06:00:58.358Z;;;;;;;;19.439999;;;;;;;0
2024-09-27T06:01:58.355Z;;;;;;;;19.47;;;;;;;0
2024-09-27T06:02:58.352Z;;;;;;;;19.47;;;;;;;0
2024-09-27T06:03:58.349Z;;;;;;;;19.439999;;;;;;;0
2024-09-27T06:04:58.346Z;;;;;;;;19.609999;;;;;;;0
2024-09-27T06:05:58.344Z;;;;;;;;19.71;;;;;;;0
2024-09-27T06:06:58.341Z;;;;;;;;19.779999;;;;;;;0
2024-09-27T06:07:58.338Z;;;;;;;;19.82;;;;;;;0
2024-09-27T06:08:58.335Z;;;;;;;;20.02;;;;;;;0
2024-09-27T06:09:58.332Z;;;;;;;;19.98;;;;;;;0
2024-09-27T06:10:58.329Z;;;;;;;;20.119999;;;;;;;0
2024-09-27T06:11:58.325Z;;;;;;;;19.91;;;;;;;0
2024-09-27T06:12:58.323Z;;;;;;;;19.75;;;;;;;0
2024-09-27T06:13:58.321Z;;;;;;;;19.75;;;;;;;0
2024-09-27T06:14:58.318Z;;;;;;;;19.609999;;;;;;;0
2024-09-27T06:15:58.315Z;;;;;;;;19.689999;;;;;;;0
2024-09-27T06:16:58.312Z;;;;;;;;19.779999;;;;;;;0
2024-09-27T06:17:58.309Z;;;;;;;;19.77;;;;;;;0
2024-09-27T06:18:58.307Z;;;;;;;;19.77;;;;;;;0
2024-09-27T06:19:58.304Z;;;;;;;;19.619999;;;;;;;0
2024-09-27T06:20:58.300Z;;;;;;;;19.5;;;;;;;0
2024-09-27T06:21:58.298Z;;;;;;;;19.609999;;;;;;;0
2024-09-27T06:22:58.295Z;;;;;;;;19.779999;;;;;;;0
2024-09-27T06:23:58.292Z;;;;;;;;19.91;;;;;;;0
2024-09-27T06:24:58.290Z;;;;;;;;20.09;;;;;;;0
2024-09-27T06:25:58.286Z;;;;;;;;20.02;;;;;;;0
2024-09-27T06:26:58.287Z;;;;;;;;19.75;;;;;;;0
2024-09-27T06:27:41.761Z;;;;;;;;19.59;;;;;;;0
2024-09-27T06:28:41.758Z;;;;;;;;19.31;;;;;;;0
2024-09-27T06:29:41.754Z;;;;;;;;19.38;;;;;;;0
2024-09-27T06:30:41.751Z;;;;;;;;19.41;;;;;;;0
2024-09-27T06:31:41.748Z;;;;;;;;19.279999;;;;;;;0
2024-09-27T06:32:41.746Z;;;;;;;;19.4;;;;;;;0
2024-09-27T06:33:41.744Z;;;;;;;;19.59;;;;;;;0
2024-09-27T06:34:41.741Z;;;;;;;;19.65;;;;;;;0
2024-09-27T06:35:41.739Z;;;;;;;;19.92;;;;;;;0
2024-09-27T06:36:41.737Z;;;;;;;;20.14;;;;;;;0
2024-09-27T06:37:41.734Z;;;;;;;;20.17;;;;;;;0
2024-09-27T06:38:41.731Z;;;;;;;;20.25;;;;;;;0
2024-09-27T06:39:41.729Z;;;;;;;;20.289999;;;;;;;0
2024-09-27T06:40:41.727Z;;;;;;;;20.07;;;;;;;0
2024-09-27T06:41:41.724Z;;;;;;;;20.039999;;;;;;;0
2024-09-27T06:42:41.721Z;;;;;;;;19.81;;;;;;;0
2024-09-27T06:43:41.717Z;;;;;;;;19.619999;;;;;;;0
2024-09-27T06:44:41.715Z;;;;;;;;19.57;;;;;;;0
2024-09-27T06:45:41.712Z;;;;;;;;19.41;;;;;;;0
2024-09-27T06:46:41.709Z;;;;;;;;19.24;;;;;;;0
2024-09-27T06:47:41.705Z;;;;;;;;19.34;;;;;;;0
2024-09-27T06:48:41.703Z;;;;;;;;19.3;;;;;;;0
2024-09-27T06:49:41.699Z;;;;;;;;19.279999;;;;;;;0
2024-09-27T06:50:41.696Z;;;;;;;;19.18;;;;;;;0
2024-09-27T06:51:41.692Z;;;;;;;;19.039999;;;;;;;0
2024-09-27T06:52:41.690Z;;;;;;;;19.119999;;;;;;;0
2024-09-27T06:53:41.689Z;;;;;;;;19.199999;;;;;;;0
2024-09-27T06:54:41.685Z;;;;;;;;19.199999;;;;;;;0
2024-09-27T06:55:41.682Z;;;;;;;;19.18;;;;;;;0
2024-09-27T06:56:41.678Z;;;;;;;;19.3;;;;;;;0
2024-09-27T06:57:41.675Z;;;;;;;;19.199999;;;;;;;0
2024-09-27T06:58:41.673Z;;;;;;;;19.18;;;;;;;0
2024-09-27T06:59:41.670Z;;;;;;;;19.35;;;;;;;0
2024-09-27T07:00:41.667Z;;;;;;;;19.619999;;;;;;;0
2024-09-27T07:01:41.664Z;;;;;;;;19.81;;;;;;;0
2024-09-27T07:02:41.661Z;;;;;;;;19.81;;;;;;;0
2024-09-27T07:03:41.659Z;;;;;;;;19.82;;;;;;;0
2024-09-27T07:04:41.656Z;;;;;;;;19.82;;;;;;;0
2024-09-27T07:05:41.653Z;;;;;;;;19.81;;;;;;;0
2024-09-27T07:06:41.650Z;;;;;;;;19.75;;;;;;;0
2024-09-27T07:07:41.647Z;;;;;;;;19.689999;;;;;;;0
2024-09-27T07:08:41.643Z;;;;;;;;19.57;;;;;;;0
2024-09-27T07:09:41.640Z;;;;;;;;19.41;;;;;;;0
2024-09-27T07:10:41.637Z;;;;;;;;19.3;;;;;;;0
2024-09-27T07:11:41.634Z;;;;;;;;19.3;;;;;;;0
2024-09-27T07:12:41.632Z;;;;;;;;19.15;;;;;;;0
2024-09-27T07:13:41.630Z;;;;;;;;19.34;;;;;;;0
2024-09-27T07:14:41.628Z;;;;;;;;19.619999;;;;;;;0
2024-09-27T07:15:41.624Z;;;;;;;;19.81;;;;;;;0
2024-09-27T07:16:41.622Z;;;;;;;;19.92;;;;;;;0
2024-09-27T07:17:41.619Z;;;;;;;;20.01;;;;;;;0
2024-09-27T07:18:41.616Z;;;;;;;;20.02;;;;;;;0
2024-09-27T07:19:41.612Z;;;;;;;;19.91;;;;;;;0
2024-09-27T07:20:41.609Z;;;;;;;;19.85;;;;;;;0
2024-09-27T07:21:41.607Z;;;;;;;;19.67;;;;;;;0
2024-09-27T07:22:41.604Z;;;;;;;;19.539999;;;;;;;0
2024-09-27T07:23:41.602Z;;;;;;;;19.38;;;;;;;0
2024-09-27T07:24:41.599Z;;;;;;;;19.14;;;;;;;0
2024-09-27T07:25:41.596Z;;;;;;;;19.3;;;;;;;0
2024-09-27T07:26:41.593Z;;;;;;;;19.539999;;;;;;;0
2024-09-27T07:27:41.590Z;;;;;;;;19.65;;;;;;;0
2024-09-27T07:28:41.588Z;;;;;;;;19.779999;;;;;;;0
2024-09-27T07:29:41.585Z;;;;;;;;19.85;;;;;;;0
2024-09-27T07:30:41.582Z;;;;;;;;19.939999;;;;;;;0
2024-09-27T07:31:41.579Z;;;;;;;;19.98;;;;;;;0
2024-09-27T07:32:41.576Z;;;;;;;;20.08;;;;;;;0
2024-09-27T07:33:41.574Z;;;;;;;;20.09;;;;;;;0
2024-09-27T07:34:41.571Z;;;;;;;;20.039999;;;;;;;0
2024-09-27T07:35:41.568Z;;;;;;;;19.72;;;;;;;0
2024-09-27T07:36:41.565Z;;;;;;;;19.55;;;;;;;0
2024-09-27T07:37:41.563Z;;;;;;;;19.35;;;;;;;0
2024-09-27T07:38:41.560Z;;;;;;;;19.15;;;;;;;0
2024-09-27T07:39:41.556Z;;;;;;;;19.07;;;;;;;0
2024-09-27T07:40:41.554Z;;;;;;;;19.24;;;;;;;0
2024-09-27T07:41:41.550Z;;;;;;;;19.449999;;;;;;;0
2024-09-27T07:42:41.547Z;;;;;;;;19.539999;;;;;;;0
2024-09-27T07:43:41.545Z;;;;;;;;19.65;;;;;;;0
2024-09-27T07:44:41.542Z;;;;;;;;19.609999;;;;;;;0
2024-09-27T07:45:41.539Z;;;;;;;;19.82;;;;;;;0
2024-09-27T07:46:41.535Z;;;;;;;;20.02;;;;;;;0
2024-09-27T07:47:41.532Z;;;;;;;;19.97;;;;;;;0
2024-09-27T07:48:41.529Z;;;;;;;;19.82;;;;;;;0
2024-09-27T07:49:41.526Z;;;;;;;;19.77;;;;;;;0
2024-09-27T07:50:41.523Z;;;;;;;;19.47;;;;;;;0
2024-09-27T07:51:41.521Z;;;;;;;;19.31;;;;;;;0
2024-09-27T07:52:41.519Z;;;;;;;;19.34;;;;;;;0
2024-09-27T07:53:41.516Z;;;;;;;;19.439999;;;;;;;0
2024-09-27T07:54:41.514Z;;;;;;;;19.41;;;;;;;0
2024-09-27T07:55:41.512Z;;;;;;;;19.41;;;;;;;0
2024-09-27T07:56:41.508Z;;;;;;;;19.199999;;;;;;;0
2024-09-27T07:57:41.506Z;;;;;;;;18.92;;;;;;;0
2024-09-27T07:58:41.502Z;;;;;;;;18.77;;;;;;;0
2024-09-27T07:59:41.499Z;;;;;;;;18.81;;;;;;;0
2024-09-27T08:00:41.496Z;;;;;;;;19;;;;;;;0
2024-09-27T08:01:41.494Z;;;;;;;;19.35;;;;;;;0
2024-09-27T08:02:41.491Z;;;;;;;;19.55;;;;;;;0
2024-09-27T08:03:41.488Z;;;;;;;;19.77;;;;;;;0
2024-09-27T08:04:41.486Z;;;;;;;;19.98;;;;;;;0
2024-09-27T08:05:41.484Z;;;;;;;;20.07;;;;;;;0
2024-09-27T08:06:41.481Z;;;;;;;;20.01;;;;;;;0
2024-09-27T08:07:41.478Z;;;;;;;;19.85;;;;;;;0
2024-09-27T08:08:41.475Z;;;;;;;;19.609999;;;;;;;0
2024-09-27T08:09:41.472Z;;;;;;;;19.51;;;;;;;0
2024-09-27T08:10:41.469Z;;;;;;;;19.51;;;;;;;0
2024-09-27T08:11:41.466Z;;;;;;;;19.4;;;;;;;0
2024-09-27T08:12:41.463Z;;;;;;;;19.35;;;;;;;0
2024-09-27T08:13:41.460Z;;;;;;;;19.3;;;;;;;0
2024-09-27T08:14:41.458Z;;;;;;;;19.25;;;;;;;0
2024-09-27T08:15:41.455Z;;;;;;;;19.24;;;;;;;0
2024-09-27T08:16:41.454Z;;;;;;;;19.4;;;;;;;0
2024-09-27T08:17:41.452Z;;;;;;;;19.55;;;;;;;0
2024-09-27T08:18:41.450Z;;;;;;;;19.65;;;;;;;0
2024-09-27T08:19:41.447Z;;;;;;;;19.75;;;;;;;0
2024-09-27T08:20:41.445Z;;;;;;;;19.77;;;;;;;0
2024-09-27T08:21:41.443Z;;;;;;;;19.81;;;;;;;0
2024-09-27T08:22:41.439Z;;;;;;;;19.77;;;;;;;0
2024-09-27T08:23:41.436Z;;;;;;;;19.57;;;;;;;0
2024-09-27T08:24:41.434Z;;;;;;;;19.449999;;;;;;;0
2024-09-27T08:25:41.431Z;;;;;;;;19.47;;;;;;;0
2024-09-27T08:26:41.428Z;;;;;;;;19.4;;;;;;;0
2024-09-27T08:27:41.425Z;;;;;;;;19.449999;;;;;;;0
2024-09-27T08:28:41.423Z;;;;;;;;19.4;;;;;;;0
2024-09-27T08:29:41.420Z;;;;;;;;19.38;;;;;;;0
2024-09-27T08:30:41.418Z;;;;;;;;19.35;;;;;;;0
2024-09-27T08:31:41.414Z;;;;;;;;19.18;;;;;;;0
2024-09-27T08:32:41.412Z;;;;;;;;19.08;;;;;;;0
2024-09-27T08:33:41.409Z;;;;;;;;19.119999;;;;;;;0
2024-09-27T08:34:41.406Z;;;;;;;;19.24;;;;;;;0
2024-09-27T08:35:41.403Z;;;;;;;;19.38;;;;;;;0
2024-09-27T08:36:41.400Z;;;;;;;;19.609999;;;;;;;0
2024-09-27T08:37:41.397Z;;;;;;;;19.82;;;;;;;0
2024-09-27T08:38:41.394Z;;;;;;;;19.85;;;;;;;0
2024-09-27T08:39:41.391Z;;;;;;;;19.869999;;;;;;;0
2024-09-27T08:40:41.388Z;;;;;;;;19.81;;;;;;;0
2024-09-27T08:41:41.386Z;;;;;;;;19.689999;;;;;;;0
2024-09-27T08:42:41.383Z;;;;;;;;19.619999;;;;;;;0
2024-09-27T08:43:41.380Z;;;;;;;;19.38;;;;;;;0
2024-09-27T08:44:41.377Z;;;;;;;;19.279999;;;;;;;0
2024-09-27T08:45:41.373Z;;;;;;;;19.31;;;;;;;0
2024-09-27T08:46:41.369Z;;;;;;;;19.22;;;;;;;0
2024-09-27T08:47:41.367Z;;;;;;;;19.119999;;;;;;;0
2024-09-27T08:48:41.364Z;;;;;;;;19.25;;;;;;;0
2024-09-27T08:49:41.361Z;;;;;;;;19.47;;;;;;;0
2024-09-27T08:50:41.359Z;;;;;;;;19.67;;;;;;;0
2024-09-27T08:51:41.356Z;;;;;;;;19.85;;;;;;;0
2024-09-27T08:52:41.353Z;;;;;;;;20.02;;;;;;;0
2024-09-27T08:53:41.351Z;;;;;;;;20.039999;;;;;;;0
2024-09-27T08:54:41.347Z;;;;;;;;20.01;;;;;;;0
2024-09-27T08:55:41.345Z;;;;;;;;19.82;;;;;;;0
2024-09-27T08:56:41.343Z;;;;;;;;19.65;;;;;;;0
2024-09-27T08:57:41.341Z;;;;;;;;19.47;;;;;;;0
2024-09-27T08:58:41.338Z;;;;;;;;19.3;;;;;;;0
2024-09-27T08:59:41.336Z;;;;;;;;19.25;;;;;;;0
2024-09-27T09:00:41.333Z;;;;;;;;19.279999;;;;;;;0
2024-09-27T09:01:41.330Z;;;;;;;;19.18;;;;;;;0
2024-09-27T09:02:41.326Z;;;;;;;;19.08;;;;;;;0
2024-09-27T09:03:41.324Z;;;;;;;;19.18;;;;;;;0
2024-09-27T09:04:41.321Z;;;;;;;;19.07;;;;;;;0
2024-09-27T09:05:41.318Z;;;;;;;;19.08;;;;;;;0
2024-09-27T09:06:41.316Z;;;;;;;;19.24;;;;;;;0
2024-09-27T09:07:41.313Z;;;;;;;;19.34;;;;;;;0
2024-09-27T09:08:41.311Z;;;;;;;;19.59;;;;;;;0
2024-09-27T09:09:41.309Z;;;;;;;;19.72;;;;;;;0
2024-09-27T09:10:41.306Z;;;;;;;;19.81;;;;;;;0
2024-09-27T09:11:41.303Z;;;;;;;;19.88;;;;;;;0
2024-09-27T09:12:41.301Z;;;;;;;;19.869999;;;;;;;0
2024-09-27T09:13:41.298Z;;;;;;;;19.82;;;;;;;0
2024-09-27T09:14:41.295Z;;;;;;;;19.88;;;;;;;0
2024-09-27T09:15:41.292Z;;;;;;;;19.82;;;;;;;0
2024-09-27T09:16:41.291Z;;;;;;;;19.539999;;;;;;;0
2024-09-27T09:17:41.288Z;;;;;;;;19.38;;;;;;;0
2024-09-27T09:18:41.284Z;;;;;;;;19.279999;;;;;;;0
2024-09-27T09:19:41.281Z;;;;;;;;19.1;;;;;;;0
2024-09-27T09:20:41.278Z;;;;;;;;19.07;;;;;;;0
2024-09-27T09:21:41.275Z;;;;;;;;18.939999;;;;;;;0
2024-09-27T09:22:41.272Z;;;;;;;;19.07;;;;;;;0
2024-09-27T09:23:41.270Z;;;;;;;;19.34;;;;;;;0
2024-09-27T09:24:41.268Z;;;;;;;;19.35;;;;;;;0
2024-09-27T09:25:41.265Z;;;;;;;;19.539999;;;;;;;0
2024-09-27T09:26:41.263Z;;;;;;;;19.67;;;;;;;0
2024-09-27T09:27:41.260Z;;;;;;;;19.75;;;;;;;0
2024-09-27T09:28:41.257Z;;;;;;;;19.77;;;;;;;0
2024-09-27T09:29:41.255Z;;;;;;;;19.85;;;;;;;0
2024-09-27T09:30:41.252Z;;;;;;;;19.81;;;;;;;0
2024-09-27T09:31:41.249Z;;;;;;;;19.82;;;;;;;0
2024-09-27T09:32:41.246Z;;;;;;;;19.869999;;;;;;;0
2024-09-27T09:33:41.243Z;;;;;;;;19.77;;;;;;;0
2024-09-27T09:34:41.240Z;;;;;;;;19.779999;;;;;;;0
2024-09-27T09:35:41.239Z;;;;;;;;19.92;;;;;;;0
2024-09-27T09:36:41.238Z;;;;;;;;19.82;;;;;;;0
2024-09-27T09:37:41.235Z;;;;;;;;19.55;;;;;;;0
2024-09-27T09:38:41.232Z;;;;;;;;19.41;;;;;;;0
2024-09-27T09:39:41.229Z;;;;;;;;19.25;;;;;;;0
2024-09-27T09:40:41.226Z;;;;;;;;19.279999;;;;;;;0
2024-09-27T09:41:41.223Z;;;;;;;;19.18;;;;;;;0
2024-09-27T09:42:41.220Z;;;;;;;;19.119999;;;;;;;0
2024-09-27T09:43:41.216Z;;;;;;;;19.25;;;;;;;0
2024-09-27T09:44:41.214Z;;;;;;;;19.55;;;;;;;0
2024-09-27T09:45:41.212Z;;;;;;;;19.71;;;;;;;0
2024-09-27T09:46:41.208Z;;;;;;;;19.85;;;;;;;0
2024-09-27T09:47:41.205Z;;;;;;;;19.939999;;;;;;;0
2024-09-27T09:48:41.202Z;;;;;;;;19.939999;;;;;;;0
2024-09-27T09:49:41.198Z;;;;;;;;19.939999;;;;;;;0
2024-09-27T09:50:41.196Z;;;;;;;;19.82;;;;;;;0
2024-09-27T09:51:41.193Z;;;;;;;;19.57;;;;;;;0
2024-09-27T09:52:41.192Z;;;;;;;;19.47;;;;;;;0
2024-09-27T09:53:41.188Z;;;;;;;;19.5;;;;;;;0
2024-09-27T09:54:41.185Z;;;;;;;;19.449999;;;;;;;0
2024-09-27T09:55:41.182Z;;;;;;;;19.41;;;;;;;0
2024-09-27T09:56:41.179Z;;;;;;;;19.47;;;;;;;0
2024-09-27T09:57:41.177Z;;;;;;;;19.3;;;;;;;0
2024-09-27T09:58:41.176Z;;;;;;;;19.25;;;;;;;0
2024-09-27T09:59:41.172Z;;;;;;;;19.07;;;;;;;0
2024-09-27T10:00:41.169Z;;;;;;;;18.939999;;;;;;;0
2024-09-27T10:01:41.167Z;;;;;;;;19.039999;;;;;;;0
2024-09-27T10:02:41.164Z;;;;;;;;19.25;;;;;;;0
2024-09-27T10:03:41.161Z;;;;;;;;19.449999;;;;;;;0
2024-09-27T10:04:41.158Z;;;;;;;;19.65;;;;;;;0
2024-09-27T10:05:41.155Z;;;;;;;;19.75;;;;;;;0
2024-09-27T10:06:41.153Z;;;;;;;;19.81;;;;;;;0
2024-09-27T10:07:41.151Z;;;;;;;;19.81;;;;;;;0
2024-09-27T10:08:41.148Z;;;;;;;;19.869999;;;;;;;0
2024-09-27T10:09:41.146Z;;;;;;;;19.71;;;;;;;0
2024-09-27T10:10:41.144Z;;;;;;;;19.77;;;;;;;0
2024-09-27T10:11:41.141Z;;;;;;;;19.59;;;;;;;0
2024-09-27T10:12:41.138Z;;;;;;;;19.35;;;;;;;0
2024-09-27T10:13:41.135Z;;;;;;;;19.31;;;;;;;0
2024-09-27T10:14:41.133Z;;;;;;;;19.22;;;;;;;0
2024-09-27T10:15:41.130Z;;;;;;;;19.18;;;;;;;0
2024-09-27T10:16:41.128Z;;;;;;;;19.25;;;;;;;0
2024-09-27T10:17:41.127Z;;;;;;;;19.25;;;;;;;0
2024-09-27T10:18:41.124Z;;;;;;;;19.24;;;;;;;0
2024-09-27T10:19:41.122Z;;;;;;;;19.18;;;;;;;0
2024-09-27T10:20:41.118Z;;;;;;;;19.25;;;;;;;0
2024-09-27T10:21:41.116Z;;;;;;;;19.4;;;;;;;0
2024-09-27T10:22:41.112Z;;;;;;;;19.539999;;;;;;;0
2024-09-27T10:23:41.109Z;;;;;;;;19.55;;;;;;;0